"Nom";"Pays";"Date_debut";"Date_fin";"Ville";"Nombre"
"16";"Etats-Unis";NA;"false";NA;1
"1349";"Norvège";"1997";"false";"Oslo";3
"3 Doors Down";"Etats-Unis";"1996";"false";"Escatawpa";1
"36 Crazyfists";"Etats-Unis";"1994-12";"false";NA;1
"69 Chambers";"Suisse";"2001";"false";"Zurich";1
"7 Weeks";"France";"2006-04";"false";"Limoges";1
"7th Nemesis";"France";"2000-12";"false";NA;1
"A Day to Remember";"Etats-Unis";"2003-06";"false";"Ocala";3
"Abbath";"Norvège";"2015";"false";NA;1
"Aborted";"Belgique";NA;NA;NA;3
"Absu";"Etats-Unis";NA;NA;NA;1
"Absurdity";"France";"2001";"false";NA;1
"Abysse";"France";NA;"false";NA;1
"Accept";"Allemagne";NA;NA;NA;1
"Ace Frehley";"Etats-Unis";"18745";"false";"The Bronx";1
"Acid King";"Etats-Unis";NA;"false";NA;1
"Adagio";"France";NA;NA;NA;1
"ADX";"France";"1982";"false";NA;1
"Aerosmith";"Etats-Unis";"1970";"false";"Boston";2
"After Forever";"Pays-Bas";"1995";"true";"Limburg";1
"Against Me!";"Etats-Unis";NA;NA;NA;1
"Agnostic Front";"Etats-Unis";"1981";"false";"New York";3
"Agoraphobic Nosebleed";"Etats-Unis";"1994";"false";"Springfield";1
"Agressor";"France";NA;NA;NA;1
"Ahab";"Etats-Unis";NA;"false";NA;1
"Airbourne";"Australie";"2004";"false";"Warrnambool";4
"Akercocke";"Angleterre";"1997";"false";"London";1
"Alcest";"France";"2001";"false";NA;2
"Alchemist";"Australie";"2008";"false";NA;1
"Alea Jacta Est";"France";"2006";"false";NA;1
"Alestorm";"Ecosse";NA;NA;NA;2
"Alice Cooper";"Etats-Unis";"1964";"true";"Phoenix";2
"Alice in Chains";"Etats-Unis";"1987";"false";"Seattle";1
"All for Nothing";"Pays-Bas";"2001";"false";"Rotterdam";1
"All Pigs Must Die";"Etats-Unis";"2010";"false";"Boston";1
"All Shall Perish";"Etats-Unis";"2002";"false";NA;2
"Allegiance";"Etats-Unis";NA;NA;NA;1
"Alpha Tiger";"Allemagne";NA;"false";NA;1
"Alter Bridge";"Etats-Unis";"2004";"false";"Orlando";3
"Amebix";"Angleterre";"1978";"true";NA;1
"Amenra";"Belgique";"2003";"false";"Kortrijk";1
"Amon Amarth";"Suède";"1992";"false";"Tumba";4
"Amorphis";"Finlande";"1990";"false";"Helsinki";1
"Anaal Nathrakh";"Angleterre";"1999";"false";NA;2
"Anathema";"Angleterre";NA;NA;NA;2
"Angel Witch";"Angleterre";"1977";"false";"London";1
"Angelus Apatrida";"Espagne";"2000-03";"false";NA;1
"Angra";"Brésil";"1991";"false";NA;1
"Angry Days";"France";NA;NA;NA;1
"Animals as Leaders";"Etats-Unis";"2007";"false";"Washington";1
"Animosity";"Etats-Unis";NA;NA;NA;1
"Annihilator";"Canada";NA;"false";NA;2
"Antharès";"France";"1984";"false";NA;1
"Anthrax";"Etats-Unis";NA;NA;NA;2
"Anti-Flag";"Etats-Unis";"1988";"false";"Pittsburgh";1
"Anvil";"Canada";"1978";"false";"Toronto";1
"Aosoth";"France";"2002";"true";"Paris";1
"Apocalyptica";"Finlande";"1993";"false";"Helsinki";3
"Arcania";"France";"1999";"false";NA;1
"Arch Enemy";"Suède";"1996";"false";"Halmstad";2
"Archgoat";"Finlande";"1989";"false";NA;1
"Architects";"Angleterre";NA;NA;NA;1
"Arcturus";"Norvège";NA;NA;NA;1
"Argile";"France";"1997";"false";NA;1
"Arkhon Infaustus";"France";"1997";"false";NA;1
"Arkona";"Russie";NA;NA;NA;2
"Arma Gathas";"Suisse";"2006";"false";NA;1
"Armored Saint";"Etats-Unis";"1982";"false";"Los Angeles";1
"Arson Anthem";"Etats-Unis";"2006";"false";NA;1
"Arthemis";"Italie";"1994";"false";NA;1
"As I Lay Dying";"Etats-Unis";NA;NA;NA;1
"As It Comes";"France";"2008";"true";NA;1
"As They Burn";"France";"39296";"true";"Paris";1
"Ascension";"Allemagne";NA;NA;NA;1
"ASG";"Etats-Unis";NA;"false";NA;1
"Asking Alexandria";"Angleterre";"2007";"false";"York";1
"Asphyx";"Pays-Bas";NA;NA;NA;2
"At the Gates";"Suède";"1990";"false";"Gothenburg";3
"Atari Teenage Riot";"Allemagne";"1992-01";"false";"Berlin";1
"Atheist";"Etats-Unis";"1987";"false";NA;2
"Atreyu";"Etats-Unis";"1998";"false";"Orange County";1
"Attentat Rock";"France";"1980";"false";"Avignon";1
"Audrey Horne";"Norvège";NA;"false";NA;3
"August Burns Red";"Etats-Unis";"2003-03";"false";NA;3
"Aura Noir";"Norvège";"1993";"false";NA;3
"Autopsy";"Etats-Unis";NA;"false";NA;1
"Ava Inferi";"Portugal";"2005";"true";NA;1
"Avantasia";"Allemagne";"2000";"false";NA;1
"Avatar";"Suède";NA;"false";NA;1
"Avenged Sevenfold";"Etats-Unis";"1999";"false";"Huntington Beach";1
"Avulsed";"Espagne";"1991-08";"false";NA;1
"Awekening Sun";"Lithuanie";NA;NA;NA;1
"Ays";"Allemagne";NA;"false";NA;1
"Azziard";"France";"2001";"false";NA;1
"Backfire";"Pays-Bas";NA;"false";NA;1
"Backtrack";"Etats-Unis";"2007";"false";NA;1
"Backyard Babies";"Suède";"1987";"false";"Nässjö";2
"Bad Brains";"Etats-Unis";NA;NA;NA;1
"Bad Religion";"Etats-Unis";"1980";"false";"Los Angeles";2
"Bain de Sang";"France";NA;NA;NA;1
"Bane";"Etats-Unis";"2006";"false";NA;1
"Baroness";"Etats-Unis";"2003";"false";"Savannah";2
"Behemoth";"Pologne";"1991";"false";"Gda?sk";5
"Behexen";"Finlande";"1994";"false";NA;1
"Belenos";"France";"1995";"false";NA;1
"Belphegor";"Autriche";"1993";"false";"Salzburg";4
"Benediction";"Angleterre";"1988";"false";NA;1
"Benighted";"France";NA;NA;NA;3
"Berri Txarrak";"Espagne";"1994";"false";"Lekunberri";1
"Betrayed";NA;NA;"false";NA;1
"Betraying the Martyrs";"France";NA;NA;NA;2
"Between the Buried and Me";"Etats-Unis";"2000";"false";"Raleigh";3
"Beyond Creation";"Canada";"2005";"false";"Montreal";1
"Big Business";"Etats-Unis";"2004";"false";"Seattle";1
"Billy Idol";"Angleterre";"20423";"false";"Stanmore";1
"Biohazard";"Etats-Unis";NA;"false";NA;3
"Birds in Raw";"France";NA;"false";NA;1
"Bison B.C.";"Canada";"2003";"false";"Vancouver";1
"Black Bomb A";"France";"1995";"false";NA;1
"Black Breath";"Etats-Unis";"2006";"false";"Bellingham";1
"Black Cobra";"Etats-Unis";"2002";"false";"San Francisco";2
"Black Label Society";"Etats-Unis";"1998";"false";NA;3
"Black Pyramid";"Etats-Unis";"2007";"false";NA;1
"Black Sabbath";"Angleterre";"1969";"true";"Birmingham";2
"Black Spiders";"Angleterre";"2008";"false";NA;1
"Black Star Riders";"Etats-Unis";"2012-12";"false";"United States";1
"Black Stone Cherry";"Etats-Unis";"37046";"false";"Edmonton";1
"Black Tide";"Etats-Unis";"2004";"false";NA;1
"Black Tusk";"Etats-Unis";"2005";"false";"Savannah";1
"Blasphème";"France";"1981";"false";NA;1
"BL'AST!";"Etats-Unis";NA;NA;NA;1
"Blazing War Machine";"France";"2005";"false";NA;1
"Bleed";"France";NA;NA;NA;1
"Bleeding Through";"Etats-Unis";"1999";"true";"Woodlake";1
"Blind Guardian";"Allemagne";"1988";"false";"Krefeld";2
"Blobfish Killer";"France";NA;NA;NA;1
"Blockheads";"Angleterre";"1992";"false";NA;2
"Blood Ceremony";"Canada";"2006";"false";"Toronto";1
"Blood Red Throne";"Norvège";"1999";"false";NA;1
"Bloodbath";"Suède";NA;NA;NA;2
"Bloodsimple";"Etats-Unis";"2002";"true";NA;1
"Blue Öyster Cult";"Etats-Unis";"1987";"false";NA;2
"Blues Pills";"Suède";"2011-12";"false";"Ames";1
"Body Count ft. Ice-T";"Etats-Unis";NA;"false";NA;1
"Bolt Thrower";"Angleterre";"1986";"true";"Coventry";1
"Bölzer";"Suisse";"2008";"false";"Zurich";1
"Bongripper";"Etats-Unis";"2005";"false";"Chicago";1
"Booze & Glory";"Angleterre";NA;NA;NA;1
"Borgne";"Suisse";"1998";"false";NA;1
"Born From Pain";"Pays-Bas";"1997";"false";NA;2
"Born to Burn";"France";NA;NA;NA;1
"Bouncil Souls";NA;NA;NA;NA;1
"Boysetsfire";"Etats-Unis";"1994-10";"false";"Newark";1
"Brain Police";"Islande";"1998";"false";NA;1
"Brant Bjork and the Bros";"Etats-Unis";NA;"false";NA;2
"Breakdust";"France";"2003";"false";NA;2
"Bright Curse";"Angleterre";"41065";"false";"London";1
"Bring Me the Horizon";"Angleterre";"2004-03";"false";"Sheffield";1
"Brodequin";"Etats-Unis";"1998";"false";NA;1
"Broken Teeth";"Angleterre";NA;"false";NA;1
"Brujeria";"Mexique";"1989";"false";"Tijuana";2
"Brutal Truth";"Etats-Unis";"1990";"true";"Rochester";4
"Brutality Will Prevail";"Pays de Galles";NA;"false";NA;1
"Buckcherry";"Etats-Unis";"1995";"false";"Anaheim";2
"Bukowski";"France";"2007";"false";NA;1
"Bullet for My Valentine";"Pays de Galles";"2003";"false";"Bridgend";2
"Bunkum";"France";NA;"false";NA;1
"Burning Heads";"France";"1988";"false";"Orléans";1
"Bury Tomorrow";"Angleterre";"2006";"false";"Southampton";1
"Bury Your Dead";"Etats-Unis";"2001";"false";"Boston";1
"Butcher Babies";"Etats-Unis";"2010";"false";"Los Angeles";1
"Buzzcocks";"Angleterre";"1976";"false";"Bolton";1
"Caliban";"Allemagne";NA;"false";NA;1
"Cancer Bats";"Canada";"2004-05";"false";"Toronto";1
"Candiria";"Etats-Unis";NA;NA;NA;1
"Candlemass";"Suède";"1984";"false";"Stockholm";3
"Cannibal Corpse";"Etats-Unis";NA;"false";NA;3
"Capricorns";"Angleterre";"2003";"true";NA;1
"Captain Cleanoff";"Australie";"1997";"false";NA;1
"Carach Angren";"Pays-Bas";"2003";"false";NA;1
"Carcariass";"France";"1991";"false";NA;1
"Carcass";"Angleterre";"1985";"false";"Liverpool";3
"Carnal Lust";"France";"1998";"false";NA;1
"Carnifex";"Etats-Unis";"2006";"false";NA;1
"Carnival in Coal";"France";"1995";"true";NA;1
"Carpathian Forest";"Norvège";"1990";"false";NA;1
"Caspian";"Etats-Unis";NA;"false";NA;1
"Cathedral";"Angleterre";NA;NA;NA;1
"Cattle Decapitation";"Etats-Unis";"1996";"false";"San Diego";1
"Cavalera Conspiracy";"Brésil";"2007";"false";NA;3
"Celeste";"France";NA;"false";NA;1
"Celtic Frost";"Suisse";"1984-06";"true";"Zurich";1
"Cephalic Carnage";"Etats-Unis";"1992";"false";"Denver";1
"Ceremonial Oath";"Suède";"1989";"false";"Mölndal";1
"Channel Zero";"Belgique";"1990";"false";"Brussels";1
"Chelsea Wolfe";"Etats-Unis";"2007";NA;NA;1
"Chelsea Wolfe";"Etats-Unis";"30634";"false";"Sacramento";1
"Chiens";"France";"2009";"false";NA;1
"Children of Bodom";"Finlande";"1997";"false";"Espoo";3
"Chimaira";"Etats-Unis";"1998";"true";"Cleveland";1
"Chronicles";"France";NA;NA;NA;1
"Church of Misery";"Japon";"1995";"false";"Shinjuku";1
"Clutch";"Etats-Unis";NA;NA;NA;4
"Coal Chamber";"Etats-Unis";"1993";"false";"Los Angeles";1
"Coalesce";"Etats-Unis";"1994";"true";"Kansas City";1
"Cobra";"Japon";"2005";"false";NA;1
"Cock and Ball Torture";"Allemagne";"1997";"false";NA;1
"Cock Sparrer";"Angleterre";"1974";"false";"London";1
"Cockney Rejects";"Angleterre";"1979";"false";"London";1
"Code Orange";"Etats-Unis";"2009";"false";"Pittsburgh";1
"Coffins";"Japon";"1996";"false";NA;1
"Coldworker";"Suède";"2006";"false";NA;1
"Colossus";"France";"2008";"false";"Stockholm";1
"Colour Haze";"Allemagne";"1994";"false";"Munich";1
"Comeback Kid";"Canada";"2000";"false";"Winnipeg";4
"Conan";"Angleterre";NA;"false";NA;1
"Condkoï";"France";NA;"false";NA;1
"Converge";"Etats-Unis";NA;NA;NA;4
"Coroner";"Suisse";"1983";"false";"Zurich";2
"Corrosion of Conformity";"Etats-Unis";"1982";"false";"Raleigh";1
"Corrosive Elements";"France";"2005";"false";"Paris";1
"Cortez";"Suisse";NA;"false";NA;1
"Corvus Corax";"Allemagne";"1989-12";"false";NA;1
"Coupe Gorge";"France";NA;NA;NA;1
"Cover Kill";"Suisse";NA;NA;NA;1
"Cowards";"France";"2012";"false";NA;1
"Cradle of Filth";"Angleterre";"1991";"false";"Ipswich";4
"Craft";"Suède";NA;"false";NA;1
"Cranks";"France";NA;NA;NA;1
"Crashdïet";"Suède";"2000";"false";NA;1
"Crimson Daze";"France";NA;NA;NA;1
"Crippled Black Phoenix";"Angleterre";"2004";"false";"Bristol";1
"Crobot";"Etats-Unis";"2011";"false";"Pottsville";1
"Cro-Mags";"Etats-Unis";"1982";"false";"New York";1
"Crossfaith";"Japon";"2006";"false";"Osaka";1
"Crowbar";"Etats-Unis";NA;NA;NA;2
"Cruachan";"Irlande";"1992";"false";"Dublin";1
"Crucified Barbara";"Suède";"1998";"true";"Stockholm";1
"Crusher";"France";NA;NA;NA;1
"Crushing Caspars";"Allemagne";NA;"false";NA;1
"Crypt Sermon";"Etats-Unis";NA;"false";NA;1
"Cryptopsy";"Canada";"1992";"false";"Montreal";2
"Cult of Luna";"Suède";"1998";"false";"Umeå";2
"Cynic";"Etats-Unis";NA;"false";NA;1
"D.R.I.";"Etats-Unis";NA;NA;NA;1
"D.Usk";NA;NA;NA;NA;1
"D-A-D";"Danemark";NA;"false";NA;1
"Dagoba";"France";"1997";"false";"Marseille";3
"Damnation A.D.";"Etats-Unis";"1992";"false";"Washington";1
"Dance Laury Dance";NA;NA;NA;NA;1
"Dancefloor Disaster";"France";NA;"false";NA;1
"Danforth";"France";"2003";"false";NA;1
"Danko Jones";"Canada";NA;"false";NA;2
"Danzig";"Etats-Unis";"1987";"false";"Lodi";1
"Dark Angel";"Etats-Unis";NA;"false";NA;1
"Dark Fortress";"Allemagne";"1994";"false";NA;1
"Dark Funeral";"Suède";"1993";"false";NA;3
"Dark Tranquility";"Suède";NA;"false";NA;3
"Darkest Hour";"Etats-Unis";"1995";"false";"Washington";1
"Darkness Dynamite";"France";"2006";"false";"Paris";1
"Darkspace";"Suisse";"1999";"false";NA;1
"Dead Congregation";"Grèce";"2004";"false";"Athens";1
"Dead Kennedys";"Etats-Unis";"1978-06";"false";"San Francisco";1
"Dead to Fall";"Etats-Unis";"1999";"true";"Chicago";1
"Deadly Whispers";"France";NA;NA;NA;1
"Deafheaven";"Etats-Unis";"2010";"false";"San Francisco";1
"Death Alley";"Pays-Bas";"2013";"false";"Amsterdam";1
"Death Angel";"Etats-Unis";"1982";"false";"San Francisco";3
"Death Before Dishonor";"Etats-Unis";NA;NA;NA;1
"Death Engine";"France";NA;"false";NA;1
"Death to All";"Etats-Unis";NA;"false";NA;1
"Deathcode Society";"France";NA;"false";NA;1
"Decapitated";"Pologne";"1996";"false";"Krosno";2
"Dee Snider";"Etats-Unis";"20163";"false";"Astoria";1
"Deep in Hate";"France";"2003";"false";NA;1
"Deep Purple";"Angleterre";"1968";"false";"Hertford";2
"Deez Nuts";"Australie";"2007";"false";"Melbourne";3
"Def Leppard";"Angleterre";"1977";"false";"Sheffield";1
"dEFDUMp";"Luxembourg";NA;"false";NA;1
"Defeater";"Etats-Unis";"2004";"false";"Boston";1
"Deftones";"Etats-Unis";"1988";"false";"Sacramento";1
"Deicide";"Etats-Unis";"1987";"false";"Tampa";1
"Delain";"Pays-Bas";"2002";"false";"Zwolle";2
"Déluge";"France";NA;NA;NA;1
"Demented Are Go!";"Pays de Galles";NA;NA;NA;1
"Der Weg einer Freiheit";"Allemagne";"2009-02";"false";"Würzburg";1
"Despise You";"Etats-Unis";NA;"false";NA;1
"Despised Icon";"Canada";"2002";"false";"Montreal";1
"Destinity";"France";"1996-07";"false";NA;1
"Deströyer 666";"Australie";"1994-05";"false";NA;2
"Destruction";"Allemagne";"1983";"false";"Weil am Rhein";2
"Desultory";"Suède";NA;"false";NA;1
"DevilDriver";"Etats-Unis";"2003";"false";"Santa Barbara";2
"DevilDriver";"Etats-Unis";"2003";"false";"Santa Barbara";1
"Devil's Blood";"Pays-Bas";"2007";"true";NA;2
"Devin Townsend Project";"Canada";NA;"false";NA;2
"Dew-Scented";"Allemagne";"1992";"false";NA;2
"Dillinger Escape Plan";"Etats-Unis";"1997-03";"true";"Morris Plains";2
"Dimmu Borgir";"Norvège";"1993";"false";"Oslo";2
"Dirty Fonzy";"France";"2003";"false";NA;1
"Dirty Rotten Imbeciles";"Etats-Unis";"2011";"false";"Norwich";1
"Discharge";"Angleterre";"1978";"true";NA;3
"Discipline";"Pays-Bas";NA;NA;NA;1
"Disfear";"Suède";"1989";"false";NA;1
"Disturbed";"Etats-Unis";NA;NA;NA;1
"DJ Kemical Kem";"France";NA;NA;NA;1
"DJ Kurgan";"France";NA;NA;NA;1
"DJ McFly";"France";NA;NA;NA;1
"DJ Mike Rock";"France";NA;"false";NA;6
"DJ Pam Lee";NA;NA;NA;NA;1
"DJ Psychoterror";"France";NA;NA;NA;1
"DJ Spideric";"France";NA;"false";NA;2
"DJ Twisted Sisters";"Etats-Unis";NA;NA;NA;1
"DJ X-Gore";"France";NA;"false";NA;2
"Djerv";"Norvège";"2010";"false";"Oslo";1
"Do or Die";"Belgique";NA;NA;NA;1
"Doctor Livingstone";"France";"1998";"false";"Montpellier";1
"Dødheimsgard";"Norvège";"1994";"false";NA;2
"Dog Eat Dog";"Etats-Unis";NA;"false";NA;1
"Doom";"Angleterre";NA;NA;NA;1
"Doomriders";"Etats-Unis";"2004";"false";NA;1
"Dordeduh";"Roumanie";"2009";"false";"Timi?oara";1
"Dornfall";"France";NA;"false";NA;1
"Doro";"Allemagne";NA;"false";NA;1
"Down";"Etats-Unis";"1991";"false";"New Orleans";3
"Downfall of Gaia";"Allemagne";"2008";"false";"Hanover";1
"Doyle Airence";"France";NA;"false";NA;1
"Dozer";"Suède";NA;NA;NA;1
"Dr. Living Dead!";"Suède";NA;NA;NA;1
"DragonForce";"Angleterre";"1999-09";"false";"London";2
"Dream Theater";"Etats-Unis";"1986-09";"false";"Boston";2
"Dropkick Murphys";"Etats-Unis";"1996";"false";"Quincy";2
"Drowned";"Allemagne";NA;"false";NA;1
"Drowning";"France";"1996";"false";"Paris";1
"Duff McKagan's Loaded";"Etats-Unis";"1999";"false";"Seattle";1
"Dust Bolt";"Allemagne";"2006";"false";NA;1
"Dwarves";"Etats-Unis";"1983";"false";"Chicago";1
"Dying Fetus";"Etats-Unis";"1991";"false";"Upper Marlboro";3
"Dylath-Leen";"France";"1999";"false";"Cambrai";1
"Dÿse";"Allemagne";"37778";"false";NA;1
"Eagle Twin";"Etats-Unis";"2007";"false";NA;1
"Earth";"Etats-Unis";NA;NA;NA;1
"Earth Crisis";"Etats-Unis";"1992";"true";"Syracuse";1
"Edguy";"Allemagne";"1992";"false";"Fulda";2
"Elder";"Etats-Unis";"1995";"true";"Virginia Beach";1
"Electric Mary";"Australie";"2003";"false";"Melbourne";1
"Electric Wizard";"Angleterre";"1993";"false";"Dorset";4
"Ellips3";"France";NA;NA;NA;1
"Ellispsis";"France";NA;NA;NA;1
"Eluveitie";"Suisse";"2002";"false";"Winterthur";3
"Emmure";"Etats-Unis";"2003";"false";NA;1
"Emperor";"Norvège";NA;NA;NA;3
"Emptiness";"Belgique";NA;NA;NA;1
"Empyrium";"Allemagne";"1994";"false";NA;1
"Endstand";"Finlande";"1996";"true";"Riihimäki";1
"Endstille";"Allemagne";"2000";"false";NA;1
"Enlighted";"France";NA;NA;NA;1
"Ensiferum";"Finlande";"1995";"false";NA;2
"Enslaved";"Norvège";NA;NA;NA;5
"Enthroned";"Belgique";"1993";"false";"Brussels";1
"Entombed";"Suède";"1989";"false";"Stockholm";2
"Entombed A.D.";"Suède";"2014";"false";NA;1
"Entrails";"Suède";"1990";"false";NA;1
"Envy";"Japon";NA;NA;NA;2
"Ephel Duath";"Italie";"1998-02";"true";"Padua";1
"Epica";"Pays-Bas";NA;"false";NA;3
"Equilibrium";"Allemagne";NA;"false";NA;3
"Ereb Altor";"Suède";"2003";"false";NA;1
"Eryn Non Dae";"France";"2009";"false";"Toulouse";2
"Escarres";"France";NA;"false";NA;1
"Eths";"France";"1999";"false";"Marseille";2
"Europe";"Suède";NA;"false";NA;2
"Evergrey";"Suède";"1995";"false";NA;1
"Every Time I Die";"Etats-Unis";NA;NA;NA;1
"Evile";"Angleterre";"2004";"false";NA;2
"Evoken";"Etats-Unis";"1992-04";"false";NA;1
"Ex Deo";"Canada";"2008";"false";"Montreal";1
"Exhumed";"Etats-Unis";NA;NA;NA;2
"Exodus";"Etats-Unis";NA;NA;NA;3
"Extinction of Mankind";"Angleterre";"1992";"false";NA;1
"Extreme";"Etats-Unis";NA;"false";NA;1
"Eyehategod";"Etats-Unis";"1988";"false";"New Orleans";3
"Faith No More";"Etats-Unis";"1983";"false";"San Francisco";1
"Fallujah";"Etats-Unis";"2007";"false";"San Francisco";1
"Fear Factory";"Etats-Unis";"33177";"false";"Los Angeles";1
"Fields of the Nephilim";"Angleterre";"1984";"false";NA;1
"Finntroll";"Finlande";"1997-05";"false";"Helsinki";3
"Firespawn";"Suède";"2015";"false";NA;1
"Firewind";"Grèce";"1998";"false";"Thessaloniki";1
"First Blood";"Etats-Unis";"1984";"true";"Kent";1
"Five Finger Death Punch";"Etats-Unis";"2005";"false";"Las Vegas";2
"Fleshgod Apocalypse";"Italie";"2007";"false";NA;1
"Flogging Molly";"Etats-Unis";"1996";"false";"Los Angeles";1
"Forbidden";"Etats-Unis";"1987";"true";"Hayward";1
"Foreigner";"Etats-Unis";"1976";"false";"New York";1
"Frank Carter & The Rattlesnakes";NA;NA;NA;NA;1
"Freak Kitchen";"Suède";"1992";"false";NA;1
"From Ashes Rise";"Etats-Unis";"1997";"true";NA;1
"Fu Manchu";"Etats-Unis";"1990";"false";"San Clemente";1
"Fubar";"Pologne";NA;NA;NA;1
"Fueled by Fire";"Etats-Unis";"2001";"false";NA;1
"Furia";"France";NA;NA;NA;1
"Gadget";"Suède";NA;NA;NA;1
"Gallows";"Angleterre";"2005";"false";"Watford";1
"Gama Bomb";"Irlande";NA;NA;NA;2
"Gamma Ray";"Allemagne";NA;NA;NA;1
"GBH";"Angleterre";NA;"false";NA;1
"Gehenna";"Norvège";NA;NA;NA;1
"General Surgery";"Suède";"1988";"false";NA;1
"Gérard Baste";"France";NA;NA;NA;1
"Ghost";"Suède";NA;"false";NA;3
"Ghost Bath";"Etats-Unis";"2012";"false";NA;1
"Ghost Brigade";"Finlande";"2005";"false";NA;3
"Ghoul";"Etats-Unis";NA;"false";NA;1
"Girlschool";"Angleterre";"1978";"false";"London";2
"Glenn Hughes";"Angleterre";"1942";"true";NA;1
"Glorior Belli";"France";"2002";"false";NA;1
"Glowsun";"France";"1997";"false";NA;1
"Go It Alone";"Allemagne";NA;NA;NA;1
"Goatsnake";"Etats-Unis";"1996";"false";"Los Angeles";2
"God Forbid";"Etats-Unis";"1996";"true";"New Jersey";1
"God Seed";"Norvège";"2007";"true";"Bergen";2
"Godflesh";"Angleterre";"1988";"false";"Birmingham";2
"Godsmack";"Etats-Unis";"1996";"false";NA;1
"Gojira";"France";NA;NA;NA;3
"Gokan";"France";NA;"false";NA;1
"Gorgoroth";"Norvège";"1992";"false";"Bergen";1
"Gorguts";"Canada";"1989";"false";"Sherbrooke";1
"Gorod";"France";"2005";"false";NA;2
"Gotthard";"Suisse";"1992";"false";"Lugano";1
"Grand Magus";"Suède";"1996";"false";"Stockholm";3
"Grave";"Suède";"1983";"false";NA;1
"Grave Pleasures (Beastmilk)";"Finlande";"2015";"false";NA;1
"Graveyard";"Suède";"2006-11";"true";"Gothenburg";1
"Guida";"Italie";NA;"false";NA;1
"Guns N' Roses";"Etats-Unis";"1985-03";"false";"Los Angeles";1
"Guns Up";"Etats-Unis";NA;"false";NA;1
"Gutterdämmerung";NA;NA;NA;NA;1
"Gutworm";"Angleterre";NA;"false";NA;1
"H2O";"Etats-Unis";NA;"false";NA;1
"Hacride";"France";"2001";"false";NA;2
"Haemorrhage";"Espagne";NA;NA;NA;1
"Haemorrhage";"Espagne";NA;"true";NA;2
"Hail of Bullets";"Pays-Bas";"2006";"true";NA;2
"Haken";"Angleterre";"2007";"false";"London";1
"Halestorm";"Etats-Unis";"1998";"false";NA;1
"Hamlet";"Espagne";NA;"false";NA;1
"HammerFall";"Suède";"1993";"false";"Gothenburg";1
"Hangman's Chair";"France";"2005";"false";NA;2
"Hank 3";"Etats-Unis";NA;"false";NA;1
"Happyface";"France";NA;NA;NA;1
"Hardcore Superstar";"Suède";"1997";"false";"Gothenburg";1
"Hark";"Pays de Galles";"40393";"false";"Swansea";1
"Harm Done";"France";NA;NA;NA;1
"Harm's Way";"Etats-Unis";"2006";"false";"Chicago";1
"Hate";"Pologne";NA;NA;NA;1
"Hatebreed";"Etats-Unis";"1995";"false";"Bridgeport";5
"Hatesphere";"Danemark";"2000";"false";NA;1
"Havok";"Etats-Unis";"2004";"false";"Denver";1
"Hawk Eyes";"Angleterre";"2004";"false";"Leeds";1
"Hawkwind";"Angleterre";"1969-10";"false";"Ladbroke Grove";2
"Headcharger";"France";"1997";"false";NA;1
"Heart Attack";"France";NA;NA;NA;1
"Heathen";"Etats-Unis";"1984";"false";NA;1
"Heaven and Hell";"Etats-Unis";"2006-11";"true";NA;1
"Heaven Shall Burn";"Allemagne";"1996";"false";"Saalfeld";3
"Heavenly";"France";NA;"false";NA;1
"Heaven's Basement";"Angleterre";"2008";"true";"Manchester";1
"Hegemon";"France";"1996";"false";NA;1
"Heidevolk";"Pays-Bas";"2002";"false";NA;1
"Hell Militia";"France";"2001";"false";"Paris";1
"Hellmotel";"France";NA;NA;NA;1
"Helloween";"Allemagne";"1984";"false";"Hamburg";2
"Hellyeah";"Etats-Unis";"2006";"false";"United States";1
"Helmet";"Etats-Unis";"1989";"false";"New York";1
"Hemoragy";"France";"2002";"false";"France";1
"Herder";"Pays-Bas";NA;"false";NA;1
"Hermano";"Etats-Unis";NA;"false";NA;1
"High on Fire";"Etats-Unis";"1998";"false";"Oakland";1
"Hirax";"Etats-Unis";"1984";"false";"Los Angeles";1
"Hollywood Undead";"Etats-Unis";"2005";"false";NA;1
"Holyhell";"Etats-Unis";"2005";"false";NA;1
"Homestell";"France";"2000-09";"false";NA;1
"Hooded Menace";"Finlande";"2007";"false";NA;1
"Hoods";"Etats-Unis";NA;"false";NA;1
"Hour of Penance";"Italie";"1999";"false";NA;1
"House of the Broken Promises";"Etats-Unis";"2007";"false";"Indio";1
"Hypno5e";"France";NA;"false";NA;1
"Hypocrisy";"Suède";"1990";"false";"Ludvika";2
"Iced Earth";"Etats-Unis";"1988";"false";"Tampa";1
"Iggy and the Stooges";"Etats-Unis";"1972";"false";"Ann Arbor";1
"Ignite";"Etats-Unis";NA;NA;NA;1
"Igorrr";"France";"30838";"false";NA;1
"Ihsahn";"Norvège";"27677";"false";"Notodden";3
"Ill Niño";"Etats-Unis";"1999";"false";NA;1
"Immolation";"Etats-Unis";"1986";"false";"Yonkers";1
"Immortal";"Norvège";NA;NA;NA;3
"Impaled Nazarene";"Finlande";"1990-11";"false";NA;2
"Impiety";"Singapour";"1990";"false";"Singapore";1
"Imply in All";"France";"1999-08";"false";NA;1
"Impureza";"Espagne";NA;NA;NA;2
"In Extremo";"Allemagne";"1995";"false";NA;2
"In Flames";"Suède";"1990";"false";"Gothenburg";4
"In Solitude";"Suède";"2002";"true";NA;2
"Incantation";"Etats-Unis";NA;"false";NA;1
"Infectious Grooves";"Etats-Unis";"1990";"false";"United States";1
"Infestus";"Allemagne";"2003";"false";NA;1
"Inglorious";"Angleterre";"2014";"false";NA;1
"Inquisition";"Colombie
";NA;NA;NA;2
"Insanity Alert";"Autriche";NA;NA;NA;1
"Insomnium";"Finlande";"1997";"false";"Joensuu";2
"Integrity";"Etats-Unis";NA;NA;NA;2
"Interlock";"Angleterre";NA;"false";NA;1
"Iron Bastards";"France";NA;NA;NA;1
"Iron Maiden";"Angleterre";"1966";"false";NA;1
"Iron Reagan";"Etats-Unis";"40928";"false";NA;1
"Jambinai";"Corée du Sud";NA;NA;NA;1
"Jane's Addiction";"Etats-Unis";"1986";"false";"Los Angeles";1
"Jarboe";"Etats-Unis";NA;"false";NA;1
"Jared James Nichols";"Etats-Unis";NA;"false";NA;1
"Jello Biafra and the Guantanamo School of Medicine";"Etats-Unis";"2008";"false";NA;1
"Jesus Cröst";"Pays-Bas";"1996";"true";"Rotterdam";1
"Job for a Cowboy";"Etats-Unis";"2003-12";"false";"Glendale";1
"Joe Satriani";"Etats-Unis";"20651";"false";"Westbury";1
"John Garcia";"Etats-Unis";NA;"false";NA;1
"Judas Priest";"Angleterre";"1969";"false";"Birmingham";2
"Justin(e)";"France";"2002-06";"false";NA;1
"Kadavar";"Allemagne";NA;NA;NA;2
"Kaisen";"France";NA;NA;NA;1
"Kakothanasy";"Suisse";NA;NA;NA;1
"Kalisia";"France";NA;"false";NA;1
"Kampfar";"Norvège";"1994";"false";NA;3
"Karma to Burn";"Etats-Unis";"1994";"false";"Morgantown";3
"Karma Zero";"France";NA;"false";NA;1
"Kataklysm";"Canada";"1991";"false";"Montreal";2
"Katatonia";"Suède";"1991";"false";"Stockholm";3
"Kause for Konflikt";"France";NA;"false";NA;1
"Keep of Kalessin";"Norvège";"1994";"false";"Trondheim";1
"KEN mode";"Canada";"36413";"false";"Winnipeg";1
"Khold";"Norvège";"2000";"false";NA;1
"Kickback";"France";NA;"false";NA;2
"Killers";"France";"1984";"false";NA;1
"Killing Joke";"Angleterre";"1979";"false";"London";2
"Killswitch Engage";"Etats-Unis";"1999";"false";"Westfield";1
"King Diamond";"Danemark";"20620";"false";NA;2
"King Dude";"Etats-Unis";NA;"false";NA;1
"Kiss";"Etats-Unis";NA;NA;NA;2
"Kissin' Dynamite";"Allemagne";"2006";"false";NA;1
"Klone";"France";NA;NA;NA;2
"KMFDM";"Allemagne";"30741";"false";"Paris";1
"Knuckledust";"Angleterre";"1996";"false";"London";1
"Knut";"Suisse";NA;NA;NA;1
"Ko?n";"Etats-Unis";NA;NA;NA;3
"Kobra and the Lotus";"Canada";"2009";"false";"Calgary";1
"Koldbrann";"Norvège";"2001";"false";NA;1
"Komintern Sect";"France";NA;NA;NA;1
"Koritni";"Australie";"2006";"false";NA;2
"Korpiklaani";"Finlande";"2003";"false";NA;4
"Kreator";"Allemagne";"1982";"false";NA;4
"Krisiun";"Brésil";"1990";"false";"Ijuí";4
"Krokus";"Suisse";"1975";"false";"Solothurn";1
"Kronos";"France";"1994";"false";NA;1
"Kruger";"Suisse";NA;"false";NA;2
"Kvelertak";"Norvège";"2007";"false";"Stavanger";2
"Kylesa";"Etats-Unis";"2001";"false";"Savannah";3
"Kyuss";"Etats-Unis";"1987";"true";"Palm Desert";1
"L7";"Etats-Unis";"1985";"true";"Los Angeles";1
"Lacertilia";NA;NA;NA;NA;1
"Lamb of God";"Etats-Unis";NA;"false";NA;2
"Landmvrks";"France";NA;NA;NA;1
"Last Days of Humanity";"Pays-Bas";"1989";"false";"Noord-Brabant";1
"Last Resort";"Angleterre";NA;"false";NA;1
"Lasting Values";"France";NA;NA;NA;1
"Lasting Values";"France";NA;"false";NA;1
"Le Bal des Enragés";"France";"40018";"false";"Ille-et-Vilaine";2
"Leather Priest";"France";NA;"false";NA;1
"Lecherous Gaze";"Etats-Unis";NA;"false";NA;1
"Leeway";"Etats-Unis";"1984";"true";NA;1
"Leftöver Crack";"Etats-Unis";NA;NA;NA;1
"Legion of the Damned";"Pays-Bas";"2005";"false";"Venlo";1
"Leng Tch'e";"Belgique";"2001";"false";"Ghent";1
"Leprous";"Norvège";"2001";"false";NA;1
"Les Ramoneurs de Menhirs";"France";"2006-07";"false";NA;2
"Les Sales Majestés";"France";"1990";"false";NA;1
"L'Esprit du Clan";"France";"1995";"false";NA;1
"Lez Zeppelin";"Etats-Unis";"2004";"false";"New York";1
"Life of Agony";"Etats-Unis";"1989";"true";"Brooklyn";1
"Limp Bizkit";"Etats-Unis";"1994";"false";"Jacksonville";1
"Linkin Park";"Etats-Unis";"1996";"false";"Agoura Hills";1
"Lion's Law";"France";"2012";"false";"Paris";1
"Liturgy";"Etats-Unis";"2003";"false";NA;1
"Lizzy Borden";"Etats-Unis";"23185";"false";NA;1
"Lock Up";"Angleterre";NA;NA;NA;1
"Locus";"Angleterre";NA;"false";NA;1
"Lofofora";"France";"1989";"false";NA;1
"Lordi";"Finlande";"1996";"false";NA;1
"Los Disitentes del Sucio Motel";"France";"2005";"false";"Strasbourg";1
"Lost Society";"Finlande";NA;NA;NA;1
"Loudblast";"France";"1986";"false";NA;2
"Loudness";"Japon";NA;NA;NA;1
"Lowrider";"Suède";NA;NA;NA;1
"Ludwig von 88";"France";"1983";"false";NA;1
"Lynyrd Skynyrd";"Etats-Unis";"1964";"false";"Jacksonville";1
"Lyzanxia";"France";"1996";"false";NA;2
"M.O.D.";"Etats-Unis";NA;NA;NA;1
"Machete";"France";NA;"false";NA;1
"Machine Head";"Etats-Unis";NA;NA;NA;3
"Mad Sin";"Allemagne";"1987";"false";"Berlin";2
"Madball";"Etats-Unis";"1988";"false";"New York";3
"Magma";"France";NA;NA;NA;1
"Magrudergrind";"Etats-Unis";"2002";"false";NA;1
"Malevolent Creation";"Etats-Unis";"1987";"false";NA;1
"Malkavian";"France";NA;NA;NA;1
"Manigance";"France";"1995";"false";NA;1
"Manilla Road";"Etats-Unis";"1977";"false";"Wichita";1
"Manowar";"Etats-Unis";"1980";"false";"Auburn";1
"Mantar";"Allemagne";NA;"false";NA;1
"Mantra";"France";NA;NA;NA;1
"Marduk";"Suède";NA;NA;NA;4
"Marilyn Manson";"Etats-Unis";"25208";"false";"Canton";2
"Mars Red Sky";"France";"2007";"false";"Bordeaux";2
"Mass Hysteria";"France";NA;"false";NA;3
"Mastodon";"Etats-Unis";"1999";"false";"Atlanta";3
"Matt Socks";NA;NA;"false";NA;1
"Maximum the Hormone";"Japon";"1998";"false";NA;1
"Mayhem";"Norvège";NA;NA;NA;3
"Megadeth";"Etats-Unis";"1983-06";"false";"Los Angeles";3
"Mekong Delta";"Allemagne";"1985";"false";NA;1
"Melechesh";"Pays-Bas";"1993";"false";"Israel";2
"Melvins";"Etats-Unis";"1983";"false";"Montesano";2
"Merauder";"Etats-Unis";"1990";"false";"Brooklyn";1
"Mercyless";"France";NA;NA;NA;1
"Merrimack";"France";"1994";"false";NA;1
"Meshuggah";"Suède";"1987";"false";"Umeå";3
"Metal Church";"Etats-Unis";"1984";"false";"San Francisco";1
"Mgla";"Pologne";"2000";"false";"Kraków";1
"Midnight Ghost Train";"Etats-Unis";"2008";"false";"Buffalo";1
"Millencolin";"Suède";"33889";"false";"Örebro";1
"Ministry";"Etats-Unis";"1981";"false";"Chicago";2
"Misanthrope";"France";NA;NA;NA;2
"Misconduct";"Suède";NA;"false";NA;1
"Misery Index";"Etats-Unis";"2001";"false";"Baltimore";3
"Misfits";"Etats-Unis";"1977-02";"false";"Lodi";2
"Miss May I";"Etats-Unis";"2007";"false";"Troy";1
"Mistaken Element";"France";"1998";"false";NA;1
"Mobutu";"France";NA;"false";NA;1
"Moho";"Espagne";"2003";"false";"Madrid";1
"Molly Hatchet";"Etats-Unis";"1975";"false";"Jacksonville";1
"Monarch!";"France";NA;NA;NA;1
"Monarque";"Canada";"2003";"false";NA;2
"Mondo Generator";"Etats-Unis";"1997";"false";"Van Nuys";1
"Monkey 3";"Suisse";"2001";"false";"Lausanne";3
"Monolithe";"France";"2001";"false";NA;1
"Monolord";"Suède";"2013";"false";"Gothenburg";1
"Monster Magnet";"Etats-Unis";"1989";"false";"Red Bank";3
"Monstrosity";"Etats-Unis";"1990";"false";NA;1
"Moonreich";"France";"2008";"false";"Paris";1
"Moonsorrow";"Finlande";"1995";"false";"Helsinki";3
"Moonspell";"Portugal";"1992";"false";"Amadora";3
"Morbid Angel";"Etats-Unis";"1983";"false";"Tampa";3
"Morgoth";"Allemagne";NA;"false";NA;2
"Morne";"Etats-Unis";"2005";"false";NA;1
"Mortuary";"France";"2010";"false";NA;1
"Mos Generator";"Etats-Unis";"2000";"false";"Port Orchard";1
"Most Precious Blood";"Etats-Unis";"2000";"false";NA;1
"Motionless in White";"Etats-Unis";"2005";"false";"Scranton";2
"Mötley Crüe";"Etats-Unis";"29603";"true";"Los Angeles";2
"Motor Mammoth";"Allemagne";NA;NA;NA;1
"Motörhead";"Angleterre";"1975-06";"true";"London";3
"Mr. Big";"Etats-Unis";"1988";"false";"Los Angeles";1
"Mumakil";"Suisse";"2004";"false";NA;1
"Municipal Waste";"Etats-Unis";"2000";"false";"Richmond";3
"MurDuM";"France";NA;"false";NA;1
"Mustasch";"Suède";"1998";"false";"Gothenburg";1
"Mütiilation";"France";"1991";"false";NA;1
"My Dying Bride";"Angleterre";"1990-06";"false";NA;3
"My Sleeping Karma";"Allemagne";"2006";"false";"Aschaffenburg";2
"Myrath";"Tunisie";"2006";"false";NA;1
"Myrkur";"Danemark";"31053";"false";"Copenhagen";1
"Nails";"Etats-Unis";NA;"false";NA;1
"Napalm Death";"Angleterre";"1982";"false";"Meriden";5
"Nashville Pussy";"Etats-Unis";"1996";"false";"Atlanta";2
"Nasty";"Belgique";NA;NA;NA;2
"Nasum";"Suède";"1992";"true";"Örebro";1
"Ne Obliviscaris";"Australie";"2003";"false";NA;1
"Necroblood";"France";"2010";"false";NA;1
"Necrophagia";"Etats-Unis";"1986";"false";NA;1
"Necrophagist";"Allemagne";"1992";"false";NA;2
"Necros Christos";"Allemagne";"2001";"false";NA;1
"Necrowretch";"France";"2008";"false";NA;1
"Nefarium";"Italie";NA;"false";NA;1
"Negative Approach";"Etats-Unis";"1981";"true";"Detroit";1
"Negur? Bunget";"Roumanie";"1995";"false";"Timi?oara";1
"Neurosis";"Etats-Unis";NA;NA;NA;1
"Neurosis";"Etats-Unis";"1987";"false";NA;2
"Nevermore";"Etats-Unis";"1991";"true";"Seattle";1
"Newsted";"Etats-Unis";"2012";"false";NA;1
"Nidingr";"Norvège";"1992";"false";"Horten";1
"Nightmare";"France";"1999";"false";"Medellín";3
"Nightwish";"Finlande";"1996-07";"false";"Kitee";1
"Nile";"Etats-Unis";"25610";"false";NA;2
"No Jogging for Today";"France";NA;"false";NA;1
"No One Is Innocent";"France";NA;"false";NA;1
"No Return";"France";"1989";"false";NA;1
"No Turning Back";"Pays-Bas";NA;NA;NA;1
"Nocturnus A.D.";"Etats-Unis";NA;"false";NA;1
"NOFX";"Etats-Unis";"1983";"false";"Los Angeles";3
"Noothgrush";"Etats-Unis";"1994";"false";NA;1
"Northlane";"Australie";"2009";"false";NA;1
"Nostromo";"Suisse";NA;NA;NA;1
"Nuclear Assault";"Etats-Unis";"1985";"false";NA;1
"Nympherno";NA;NA;NA;NA;1
"Obituary";"Etats-Unis";NA;"false";NA;4
"Obliteration";"Norvège";"2001";"false";"Kolbotn";1
"Obscura";"Allemagne";"2002";"false";NA;1
"October File";"Angleterre";"2004";"false";NA;1
"Of Mice and Men";"Etats-Unis";"2009";"false";"Columbus";2
"Off!";"Etats-Unis";NA;NA;NA;1
"Offending";"France";"2002";"false";NA;1
"Okkultokrati";"Norvège";"2008";"false";NA;1
"Old Dead Tree";"France";"35479";"true";NA;2
"Omega Massif";"Allemagne";"2005-09";"true";"Würzburg";1
"Onslaught";"Angleterre";NA;NA;NA;1
"Opeth";"Suède";"1990";"false";"Stockholm";4
"Opium du Peuple";"France";NA;"false";NA;1
"Orakle";"France";NA;"false";NA;1
"Orange Goblin";"Angleterre";"1995";"false";"London";3
"Oranssi Pazuzu";"Finlande";"2007";"false";NA;1
"Orchid";"Etats-Unis";NA;"false";NA;1
"Origin";"Etats-Unis";NA;NA;NA;1
"Orphaned Land";"Israël";"1991";"false";"Petah Tikva";2
"Orthodox";"Etats-Unis";NA;NA;NA;1
"Otargos";"France";"2001";"false";NA;2
"Outlaw Order";"Etats-Unis";"2003";"true";"New Orleans";1
"Overkill";"Etats-Unis";NA;"false";NA;1
"Ozzy & Friends";"Angleterre";NA;NA;NA;2
"P.O.D.";"Etats-Unis";NA;"false";NA;1
"Pain";"Suède";"1996";"false";NA;1
"Pain of Salvation";"Suède";"1991";"false";"Eskilstuna";4
"Pallbearer";"Etats-Unis";"2008";"false";NA;1
"Panik";"Allemagne";NA;NA;NA;1
"Papa Roach";"Etats-Unis";"1993";"false";"Vacaville";2
"Paradise Lost";"Angleterre";NA;NA;NA;3
"Parkway Drive";"Australie";"2003";"false";"Byron Bay";2
"Pentagram";"Etats-Unis";NA;NA;NA;2
"Perturbator";"France";NA;"false";NA;1
"Pestilence";"Pays-Bas";NA;NA;NA;1
"Peter and the Test Tube Babies";"Angleterre";"1978";"false";NA;1
"Phil Anselmo and the Illegals";"Etats-Unis";"2011";"false";NA;1
"Phil Campbell and the Bastards Sons";"Pays de Galles";NA;"false";NA;1
"Pictured";"France";NA;NA;NA;1
"Pig Destroyer";"Etats-Unis";"1997";"false";"Alexandria";2
"Porcupine Tree";"Angleterre";"1987";"true";"Hemel Hempstead";1
"Possessed";"Etats-Unis";NA;NA;NA;1
"Power Trip";"Etats-Unis";NA;"false";NA;1
"Powerman 5000";"Etats-Unis";"1989";"false";"Boston";1
"Powerwolf";"Allemagne";"2003";"false";NA;2
"Pretty Maids";"Danemark";"1981";"false";"Horsens";2
"Primal Age";"France";NA;"false";NA;1
"Primal Fear";"Allemagne";"1997";"false";"Esslingen am Neckar";1
"Primitive Man";"Etats-Unis";"2012-02";"false";"Denver";1
"Primordial";"Irlande";"1987";"false";"Skerries";4
"Primus";"Etats-Unis";NA;NA;NA;1
"Procession";"Chili";NA;NA;NA;1
"Prong";"Etats-Unis";"1986";"false";"New York";2
"Pro-Pain";"Etats-Unis";"1992";"false";NA;1
"Prophets of Rage";"Etats-Unis";NA;"false";NA;1
"Prostitute Disfigurement";"Pays-Bas";"2001";"false";NA;1
"Protest the Hero";"Canada";"1999";"false";"Whitby";1
"Providence";"France";NA;"false";NA;2
"Punish Yourself";"France";"1993-09";"false";NA;2
"Puscifer";"Etats-Unis";"1995";"false";NA;1
"Putrid Offal";"France";"1991";"false";"Douchy-les-Mines";1
"Queensrÿche";"Etats-Unis";"1981";"false";"Bellevue";2
"Radical Failure";"France";NA;NA;NA;1
"Raintime";"Italie";"1999";"false";NA;1
"Raised Fist";"Suède";"1993";"false";"Luleå";1
"Ramesses";"Angleterre";"2003";"true";NA;1
"Rammstein";"Allemagne";"1994-01";"false";"Berlin";1
"Rancid";"Etats-Unis";NA;NA;NA;1
"Ratos de Porão";"Brésil";"1980";"false";"São Paulo";1
"Raven";"Angleterre";"1968";"true";"Buffalo";1
"RavenEye";"Angleterre";"2014-05";"false";"Milton Keynes";1
"Raw Power";"Italie";NA;"false";NA;1
"Ray Brower";"Ecosse";"40617";"false";"Aberdeen";2
"Red Fang";"Etats-Unis";"2005";"false";"Portland";4
"Red Mourning";"France";NA;"false";NA;1
"Refused";"Suède";"1992";"false";"Umeå";2
"Regarde les hommes tomber";"France";"2011";"false";NA;2
"Repulsion";"Etats-Unis";"1989";"true";NA;2
"Retox";"Etats-Unis";"2010";"false";"California";1
"Ringworm";"Etats-Unis";NA;"false";NA;1
"Rise And Fall";"Belgique";"2002";"false";"Ghent";1
"Rise of the Northstar";"France";"2008";"false";"Paris";1
"Rival Sons";"Etats-Unis";"2008";"false";"Long Beach";1
"Riverside";"Pologne";NA;"false";NA;1
"Rob Zombie";"Etats-Unis";"23754";"false";"Haverhill";3
"Rompeprop";"Pays-Bas";NA;"false";NA;1
"Rose Tattoo";"Australie";"1976";"false";"Sydney";1
"Rotten Sound";"Finlande";"1993";"false";NA;1
"Rotting Christ";"Grèce";"1987";"false";"Athens";2
"Royal Thunder";"Etats-Unis";"2004";"false";"Atlanta";1
"Ruins of Beverast";"Allemagne";"2003";"false";NA;1
"Russian Circles";"Etats-Unis";"2004";"false";"Chicago";1
"Rwake";"Etats-Unis";"1996";"false";"Little Rock";1
"Sabaton";"Suède";"1999";"false";"Falun";3
"Sacred Reich";"Etats-Unis";"1985";"false";NA;3
"Sadist";"Italie";NA;NA;NA;2
"Saint Vitus";"Etats-Unis";"1980";"false";"Los Angeles";3
"Salem";"Etats-Unis";NA;NA;NA;1
"Samael";"Suisse";NA;NA;NA;2
"Samsara Blues Experiment";"Allemagne";"2007";"false";"Berlin";1
"Sanctuary";"Etats-Unis";NA;"false";NA;1
"Satan";"Angleterre";NA;NA;NA;1
"Satan Jokers";"France";"1981-12";"false";NA;1
"Satan's Satyrs";"Etats-Unis";"2009";"false";NA;1
"Satyricon";"Norvège";NA;"false";NA;3
"Saviours";"Etats-Unis";"2004";"false";"Oakland";1
"Saxon";"Angleterre";"1976";"false";"Barnsley";3
"Scarve";"France";"1994";"false";NA;1
"Schirenc";"Autriche";NA;"false";NA;1
"Scorpion Child";"Etats-Unis";"2006";"false";"Austin";1
"Scorpions";"Allemagne";NA;NA;NA;2
"Scour";"Etats-Unis";NA;"false";NA;1
"Sebastian Bach";"Canada";NA;NA;NA;1
"Secrets of the Moon";"Allemagne";"1995";"false";NA;1
"Seether";"Afrique du Sud";"2002";"false";NA;1
"Senser";"Angleterre";"1989";"false";"London";1
"Septic Flesh";"Grèce";"2013";"false";NA;3
"Sepultura";"Brésil";"1984";"false";"Belo Horizonte";2
"Seth";"France";NA;NA;NA;1
"Severe Torture";"Pays-Bas";"1997";"false";NA;1
"Shai Hulud";"Etats-Unis";"1995";"false";"Pompano Beach";2
"Shape of Despair";"Finlande";"1998";"false";"Helsinki";1
"Shark Tank";"Allemagne";NA;NA;NA;1
"Shinedown";"Etats-Unis";"2001";"false";"Jacksonville";1
"Shining";"Norvège";"1999";"false";"Oslo";1
"Shining";"Norvège";"1999";"false";"Oslo";3
"Showtime";"France";NA;"false";NA;1
"SHVPES";"Angleterre";"39814";"false";NA;1
"Sick of It All";"Etats-Unis";"1986";"false";"New York";4
"Sick of Stupidity";"Pays-Bas";"2015-03";"false";NA;1
"Sidilarsen";"France";"1997";"false";"Toulouse";1
"Sigh";"Japon";NA;"false";NA;1
"Sinister";"Pays-Bas";NA;NA;NA;1
"Six Feet Under";"Etats-Unis";"1993";"false";"Tampa";1
"Sixx:A.M.";"Etats-Unis";NA;NA;NA;1
"Skálmöld";"Islande";"2009-08";"false";"Reykjavík";1
"Skeletal Remains";"Etats-Unis";"2011";"false";NA;1
"Skepticism";"Finlande";"1991";"false";"Riihimäki";1
"Skid Row";"Etats-Unis";NA;NA;NA;1
"Skindred";"Pays de Galles";"1998";"false";"Newport";2
"Skinless";"Etats-Unis";"1992";"false";NA;2
"Skyclad";"Angleterre";"1990";"false";"Newcastle upon Tyne";1
"Skyforger";"Lettonie";"1995";"false";NA;2
"Slapshot";"Etats-Unis";"1985";"false";"Boston";1
"Slash";"Angleterre";NA;"false";NA;3
"Slayer";"Etats-Unis";NA;NA;NA;6
"Sleep";"Etats-Unis";NA;NA;NA;1
"Slipknot";"Etats-Unis";NA;"false";NA;1
"Slit";"Malte";NA;"false";NA;1
"Slo Burn";"Etats-Unis";"1996";"true";"Palm Desert";1
"Slydigs";"Angleterre";NA;"false";NA;1
"Sna-fu *aka* Grand Désordre Orchestre";"France";NA;NA;NA;1
"Snot";"Etats-Unis";NA;"false";NA;1
"So What!";"France";NA;NA;NA;1
"Sodom";"Allemagne";NA;NA;NA;3
"Soilent Green";"Etats-Unis";"1988";"false";"New Orleans";1
"Soilwork";"Suède";"1995";"false";"Helsingborg";2
"Solace";"Etats-Unis";NA;"false";"Regina";1
"Solefald";"Norvège";"1995";"false";"Kristiansand";1
"Sólstafir";"Islande";"1995-01";"false";"Reykjavík";2
"Sonata Arctica";"Finlande";"1999";"false";NA;1
"Sonny Red";"France";"12040";"true";NA;1
"Soulfly";"Brésil";NA;"false";NA;2
"Soundgarden";"Etats-Unis";"1984";"false";"Seattle";1
"Spirit Caravan";"Etats-Unis";NA;"true";NA;1
"Spiritual Beggars";"Suède";"1993";"false";"Halmstad";1
"Squealer";"Allemagne";NA;NA;NA;1
"Srutr";"France";NA;NA;NA;1
"SSS";"Angleterre";NA;"false";NA;1
"Status Quo";"Angleterre";"1967";"false";"London";1
"Steak Number Eight";"Belgique";"2007";"false";"Wevelgem";1
"Steel Panther";"Etats-Unis";"2008-04";"false";"Los Angeles";2
"Stick to Your Guns";"Etats-Unis";"2003";"false";NA;1
"Sticky Boys";"France";NA;"false";NA;1
"Stille Volk";"France";"1994";"false";NA;2
"Stinky Bollocks";"France";NA;"false";NA;1
"Stone Sour";"Etats-Unis";"1992";"false";"Des Moines";2
"Stonebirds";"France";"2008";"false";"Bretagne";1
"Stoned Jesus";"Ukraine";"2009";"false";"Kyïv";1
"Stratovarius";"Finlande";"1984";"false";"Helsinki";1
"Street Dogs";"Etats-Unis";"2002";"false";"Boston";1
"Strife";"Etats-Unis";NA;NA;NA;1
"Strong As Ten";"France";NA;"false";NA;1
"Sublime Cadaveric Decomposition";"France";"1996";"false";NA;1
"Subrosa";"Etats-Unis";"2005-07";"false";"Salt Lake City";2
"Suffocation";"Etats-Unis";"1988";"false";NA;2
"Suicidal Angels";"Grèce";"2001";"false";NA;1
"Suicidal Tendencies";"Etats-Unis";"1982";"false";"Los Angeles";2
"Suicide Silence";"Etats-Unis";"2002";"false";NA;1
"Sunn O)))";"Etats-Unis";NA;NA;NA;2
"SUP";"France";NA;"false";NA;3
"Superjoint Ritual";"Etats-Unis";"1993";"true";NA;1
"Supertanker";"France";NA;NA;NA;1
"Svart Crown";"France";"2004";"false";NA;2
"Swallow the Sun";"Finlande";"2001";"false";NA;1
"Swans";"Etats-Unis";"1982";"false";"New York";1
"Sworn Enemy";"Etats-Unis";"1997";"false";"Queens";2
"Sybreed";"Suisse";"2003";"false";NA;1
"Sylosis";"Angleterre";"2000";"false";NA;1
"Symphony X";"Etats-Unis";"1994";"false";NA;1
"T.A.N.K. (Think of A New Kind)";"France";NA;"false";NA;1
"Taake";"Norvège";"1993";"false";NA;3
"Tagada Jones";"France";"1993";"false";NA;2
"Taint";"Pays de Galles";NA;NA;NA;1
"Tamtrum";"France";"37622";"true";"Aix-en-Provence";1
"Tankard";"Allemagne";"1982";"false";NA;1
"Tarja";"Finlande";"28354";"false";NA;1
"Temple of Baal";"France";"1998";"false";NA;1
"Terra Tenebrosa";"Suède";"2009";"false";NA;1
"Terror";"Etats-Unis";"1996";"true";NA;4
"Terrorizer";"Etats-Unis";"1986";"false";NA;1
"Testament";"Etats-Unis";NA;"false";NA;3
"Textures";"Pays-bas";"2001";"false";NA;1
"The Amity Affliction";"Australie";"2004";"false";"Gympie";1
"The Answer";"Irlande du Nord";"2000";"false";"Downpatrick";2
"The ARRS";"France";"1998";"false";"France";3
"The Atomic Bitchwax";"Etats-Unis";"1993";"false";"Long Branch";1
"The Black Dahlia Murder";"Etats-Unis";"2001-01";"false";"Waterford Township";3
"The Bones";"Suède";NA;NA;NA;1
"The Bronx";"Etats-Unis";NA;"false";NA;1
"The Business";"Angleterre";"1979";"false";"Lewisham";1
"The Casualties";"Etats-Unis";"1990";"false";"New York";1
"The Crown";"Suède";"1990";"false";"Trollhättan Municipality";1
"The Cult";"Angleterre";"1983";"false";"London";1
"The Damned";"Angleterre";NA;NA;NA;1
"The Damned Things";"Etats-Unis";"2009";"false";NA;1
"The Dead Daisies";"Australie";"2012";"false";"Sydney";1
"The Decline!";"France";NA;NA;NA;2
"The Devil Wears Prada";"Etats-Unis";"2005";"false";"Dayton";1
"The Dillinger Escape Plan";"Etats-Unis";NA;NA;NA;1
"The Exploited";"Ecosse";"1978";"false";"Edinburgh";2
"The Faceless";"Etats-Unis";NA;"false";NA;1
"The Ghost Inside";"Etats-Unis";"2006";"false";NA;1
"The Goodamn Gallows";"Etats-Unis";NA;NA;NA;1
"The Great Old Ones";"France";"2009";"false";"Bordeaux";2
"The Haunted";"Suède";"1996";"false";"Gothenburg";1
"The Lumberjack Feedback";"France";NA;"false";NA;1
"The New Roses";"Allemagne";NA;"false";NA;1
"The Nuklear Rokin Krew";"France";NA;"false";NA;1
"The Obsessed";"Etats-Unis";"1977";"false";"Potomac";1
"The Ocean";"Allemagne";"2000";"false";NA;2
"The Offspring";"Etats-Unis";"1984";"false";"Huntington Beach";1
"The Order of Apollyon";"Angleterre";"2008";"false";NA;1
"The Outburst";"France";"2002-09";"false";NA;1
"The Quireboys";"Angleterre";"1984";"false";"London";1
"The Rodeo Idiot Engine";"France";NA;"false";NA;1
"The Secret";"Italie";NA;NA;NA;1
"The Set-Up";"Belgique";NA;"false";NA;1
"The Shrine";"Etats-Unis";NA;"false";NA;1
"The Skull";"Etats-Unis";NA;NA;NA;1
"The Spudmonsters";"Etats-Unis";"1987";"true";"Cleveland";1
"The Sword";"Etats-Unis";"2003";"false";"Austin";1
"The Toy Dolls";"Angleterre";"1979-10";"false";"Sunderland";2
"The Treatment";"Angleterre";NA;"false";NA;1
"The Vintage Caravan";"Islande";"2006";"false";NA;1
"The Vision Bleak";"Allemagne";"2000";"false";NA;1
"The Wounded Kings";"Angleterre";"2004";"false";NA;1
"Therapy?";"Irlande";NA;"false";NA;1
"Therion";"Suède";"1988";"false";"Upplands Väsby";2
"Thin Lizzy";"Irlande";"1969";"false";"Dublin";1
"Thou";"Etats-Unis";"2005";"false";"Baton Rouge";1
"Throwdown";"Etats-Unis";"1997";"false";NA;1
"Thy Art Is Murder";"Australie";"2005";"false";"Blacktown";1
"Times of Grace";"Etats-Unis";"2010";"false";NA;1
"Tina Turner Fraiseur";"France";NA;NA;NA;1
"Today Is the Day";"Etats-Unis";"1992";"false";"Nashville";1
"Torche";"Etats-Unis";"2004";"false";"Miami";2
"Total Fucking Destruction";"Etats-Unis";"1999";"false";NA;1
"Toxic Holocaust";"Etats-Unis";"1999";"false";NA;1
"Tragedy";"Etats-Unis";NA;"false";NA;1
"Trap Them";"Etats-Unis";"2001";"false";"Salem";1
"Trap Them";"Etats-Unis";"2001";"false";"Salem";1
"Trapped Under Ice";NA;NA;NA;NA;1
"Tremonti";"Etats-Unis";"2012";"false";"United States";1
"Tremplin My Rock";NA;NA;NA;NA;1
"Trepalium";"France";"2001";"false";NA;2
"Treponem Pal";"France";"1989";"false";NA;2
"Tribulation";"Suède";"1987";"true";NA;1
"Triggerfinger";"Belgique";"1998";"false";"Antwerp";1
"Triptykon";"Suisse";"2008";"false";NA;2
"Trivium";"Etats-Unis";"2000";"false";"Orlando";2
"Trollfest";"Norvège";"2003";"false";NA;1
"Tromatized Youth";"France";NA;"false";NA;1
"Truckfighters";"Suède";"2001";"false";"Örebro";2
"True Black Dawn";"Finlande";"1993";"false";NA;1
"Trust";"France";NA;NA;NA;1
"Tsjuder";"Norvège";"1993";"false";NA;2
"Turbonegro";"Norvège";NA;NA;NA;3
"Turisas";"Finlande";"1997";"false";"Hämeenlinna";3
"Turnstile";"Etats-Unis";"2010";"false";NA;1
"Twisted Sister";"Etats-Unis";"1972";"true";"New Jersey";3
"Twisted Sisters & Nympherno";"Etats-Unis";NA;NA;NA;1
"Twitching Tongues";"Etats-Unis";NA;"false";NA;1
"Tyler Leads";NA;NA;NA;NA;1
"Type O Negative";"Etats-Unis";"1989";"true";"Brooklyn";1
"Týr";"Îles Féroé";"1982";"false";NA;2
"U.D.O.";"Allemagne";NA;NA;NA;1
"U.S. Bombs";"Etats-Unis";"1993";"false";"California";1
"UFO";"Angleterre";NA;NA;NA;1
"Ufomammut";"Italie";"1999";"false";NA;3
"Ufych Sormeer";"France";"1997";"false";NA;1
"Ugly Kid Joe";"Etats-Unis";"1989";"false";NA;1
"UK Subs";"Angleterre";"1977";"false";"London";1
"Ulcerate";"Nouvelle-Zélande";"2000";"false";"Auckland";1
"Ultra Vomit";"France";"1999";"false";NA;2
"Ulver";"Norvège";"1992";"false";"Oslo";1
"Uncle Acid and the Deadbeats";"Angleterre";"2009";"false";"Cambridge";1
"Undead Prophecies";"France";NA;"false";NA;1
"Unearth";"Etats-Unis";"1998";"false";"Winthrop";4
"Unexpect";"Canada";"1996";"true";"Montreal";1
"Unida";"Etats-Unis";"1998";"true";"Palm Desert";1
"Unisonic";"Allemagne";"40127";"false";NA;1
"Unleashed";"Suède";NA;"false";NA;1
"Unsane";"Etats-Unis";"1988";"false";"New York";2
"Urfaust";"Pays-Bas";"2003";"false";"Asten";1
"Urgehal";"Norvège";"1992";"false";NA;1
"Uriah Heep";"Angleterre";"1970";"false";"London";1
"Vader";"Pologne";NA;"false";NA;4
"Valient Thorr";"Etats-Unis";"2001";"false";"Chapel Hill";1
"Valkyrja";"Suède";"2004";"false";NA;1
"Vallenfyre";"Angleterre";"2010";"false";"West Yorkshire";1
"Vanderbuyst";"Pays-Bas";NA;"false";NA;1
"Vektor";"Etats-Unis";"2002";"false";"Philadelphia";1
"Venom";"Angleterre";NA;NA;NA;2
"Vera Cruz";"France";NA;"false";NA;1
"Verbal Razors";"France";NA;NA;NA;1
"Verdun";"France";"1981";"true";NA;1
"Victims";"Suède";"1997";"false";"Nyköping Municipality";2
"Viktims";"Suède";NA;NA;NA;1
"Vintage Trouble";"Etats-Unis";"2010";"false";"Hollywood";1
"Vision of Disorder";"Etats-Unis";"1992";"false";"Northport";2
"Vitamin X";"Pays-Bas";"1997";"false";NA;2
"Vodun";"Angleterre";"2012";"false";"London";1
"Voight Kampff";"France";"2010";"false";NA;1
"Voivod";"Canada";"1982";"false";"Jonquière";2
"Volbeat";"Danemark";"2001-10";"false";"Copenhagen";3
"Vomitory";"Suède";"1991";"false";NA;1
"Vorkreist";"France";"1999";"false";NA;1
"Vortex of End";"France";"2005";"false";NA;1
"Vreid Sognametal";"Norvège";"2004";"false";NA;1
"Vulcain";"France";"1981";"false";NA;2
"Vulture Industries";"Norvège";"1998";"false";NA;1
"W.A.S.P.";"Etats-Unis";NA;"false";NA;1
"Walking Papers";"Etats-Unis";"2012";"false";"Seattle";1
"Walls of Jericho";"Etats-Unis";"1998";"false";"Detroit";5
"Walnut Grove DC";"France";NA;"false";NA;1
"Waltari";"Finlande";"1986";"false";NA;1
"Wampas";"France";"22696";"false";NA;1
"War Inside";"France";NA;"false";NA;1
"Wardruna";"Norvège";"2003";"false";NA;1
"Watain";"Suède";"1998";"false";"Uppsala";3
"Watertank";"France";"2003";"false";NA;2
"We Are Harlot";"Etats-Unis";"2011";"false";NA;1
"We Came as Romans";"Etats-Unis";"2005";"false";"Troy";1
"Weedeater";"Etats-Unis";"1998";"false";"Wilmington";2
"Weekend Nachos";"Etats-Unis";"2004";"false";NA;1
"Welicoruss";"Russie";"2002";"false";NA;1
"While She Sleeps";"Angleterre";NA;NA;NA;1
"Whiplash";"Etats-Unis";NA;"false";NA;1
"Whitechapel";"Etats-Unis";"2006";"false";"Knoxville";1
"Whitesnake";"Angleterre";"1978";"false";"Middlesbrough";1
"Wild Dawn";"France";NA;"false";NA;1
"Winterfylleth";"Angleterre";"2007";"false";NA;1
"Wintersun";"Finlande";NA;NA;NA;1
"Wisdom in Chains";"Etats-Unis";NA;"false";NA;1
"Witch Mountain";"Etats-Unis";"1997";"false";"Portland";1
"Witchcraft";"Suède";NA;"false";NA;1
"Witches";"France";"38371";"true";NA;1
"Witchthroat Serpent";"France";"2011-10";"false";"Toulouse";1
"With Honor";"Etats-Unis";"2001";"false";NA;1
"With the Dead";"Angleterre";NA;"false";NA;1
"Within Temptation";"Pays-Bas";"1995-04";"false";"Waddinxveen";3
"Wo Fat";"Etats-Unis";"2005";"false";NA;1
"Wolfbrigade";"Suède";"1995";"false";NA;1
"Wolves in the Throne Room";"Etats-Unis";"2002";"false";"Olympia";1
"Wormed";"Espagne";"1998";"false";NA;1
"Wovenhand";"Etats-Unis";"2001";"false";"Denver";1
"Y&T";"Etats-Unis";NA;NA;NA;1
"Yawning Man";"Etats-Unis";"1986";"false";"Palm Springs";1
"Year of No Light";"France";"2001";"false";"Bordeaux";2
"Year of the Goat";"Suède";NA;"false";NA;1
"YOB";"Etats-Unis";NA;NA;NA;1
"Young Gods";"Suisse";"1985";"false";"Fribourg";2
"Your Demise";"Angleterre";"2003";"false";NA;2
"Zeke";"Etats-Unis";NA;NA;NA;1
"Zero Mentality";"Allemagne";NA;"false";NA;1
"Zodiac";"Allemagne";NA;"false";NA;1
"Zubrowska";"France";"2001-11";"true";NA;1
"Zuul FX";"France";NA;"false";NA;2
"Zyklon";"Norvège";"1998";"true";"Notodden";1
"ZZ Top";"Etats-Unis";"1969";"false";"Houston";2
