Nom;Pays;Date_debut;Date_fin;Ville;Nombre;2006;2007;2008;2009;2010;2011;2012;2013;2014;2015;2016;2017
16;Etats-Unis;NA;false;NA;1;0;0;0;0;Terrorizer tent;0;0;0;0;0;0;0
1349;Norvège;1997;false;Oslo;3;0;Discover stage;0;0;0;Rock Hard tent;0;0;Temple;0;0;0
3 Doors Down;Etats-Unis;1996;false;Escatawpa;1;0;0;0;0;0;0;0;Main 01;0;0;0;0
36 Crazyfists;Etats-Unis;1994-12;false;NA;1;Main;0;0;0;Terrorizer tent;0;0;0;0;0;0;0
69 Chambers;Suisse;2001;false;Zurich;1;0;0;0;0;Main 01;0;0;0;0;0;0;0
7 Weeks;France;2006-04;false;Limoges;1;0;0;0;0;0;0;0;Valley;0;0;0;0
7th Nemesis;France;2000-12;false;NA;1;0;Discover stage;0;0;0;0;0;0;0;0;0;0
A Day to Remember;Etats-Unis;2003-06;false;Ocala;3;0;0;0;0;0;0;0;Main 02;0;Main 01;0;Main 01
Abbath;Norvège;2015;false;NA;1;0;0;0;0;0;0;0;0;0;0;Temple;0
Aborted;Belgique;NA;NA;NA;3;0;Gibson stage;0;Rock Hard tent;0;0;Altar;0;0;0;0;0
Absu;Etats-Unis;NA;NA;NA;1;0;0;0;0;0;0;0;Temple;0;0;0;0
Absurdity;France;2001;false;NA;1;0;0;0;0;0;0;Metal Corner;0;0;0;0;0
Abysse;France;NA;false;NA;1;0;0;0;0;0;0;Valley;0;0;0;0;0
Accept;Allemagne;NA;NA;NA;1;0;0;0;0;0;0;0;Main 01;0;0;0;0
Ace Frehley;Etats-Unis;18745;false;The Bronx;1;0;0;0;0;0;0;0;0;0;Main 01;0;0
Acid King;Etats-Unis;NA;false;NA;1;0;0;0;0;0;0;Valley;0;0;0;0;0
Adagio;France;NA;NA;NA;1;0;0;0;Main 01;0;0;0;0;0;0;0;0
ADX;France;1982;false;NA;1;0;0;0;Main 02;0;0;0;0;0;0;0;0
Aerosmith;Etats-Unis;1970;false;Boston;2;0;0;0;0;0;0;0;0;Main 01;0;0;Main 01
After Forever;Pays-Bas;1995;true;Limburg;1;0;Main;0;0;0;0;0;0;0;0;0;0
Against Me!;Etats-Unis;NA;NA;NA;1;0;0;0;0;0;0;0;0;Warzone;0;0;0
Agnostic Front;Etats-Unis;1981;false;New York;3;Hard n'Heavy stage;0;0;0;Terrorizer tent;0;0;Warzone;0;0;0;Warzone
Agoraphobic Nosebleed;Etats-Unis;1994;false;Springfield;1;0;0;0;0;0;0;0;0;0;0;Altar;0
Agressor;France;NA;NA;NA;1;0;0;0;0;0;0;0;0;0;0;Altar;0
Ahab;Etats-Unis;NA;false;NA;1;0;0;0;0;0;0;0;0;0;Valley;0;0
Airbourne;Australie;2004;false;Warrnambool;4;0;0;Main;0;Main 01;0;0;0;0;Main 01;0;Main 01
Akercocke;Angleterre;1997;false;London;1;Hard n'Heavy stage;0;0;0;0;0;0;0;0;0;0;0
Alcest;France;2001;false;NA;2;0;0;0;0;0;0;Valley;0;0;0;0;Temple
Alchemist;Australie;2008;false;NA;1;0;0;Discover stage;0;0;0;0;0;0;0;0;0
Alea Jacta Est;France;2006;false;NA;1;0;0;0;0;0;0;0;0;0;0;Warzone;0
Alestorm;Ecosse;NA;NA;NA;2;0;0;0;0;0;0;0;0;0;Temple;0;Temple
Alice Cooper;Etats-Unis;1964;true;Phoenix;2;0;0;0;0;Main 01;0;0;0;0;Main 01;0;0
Alice in Chains;Etats-Unis;1987;false;Seattle;1;Main;0;0;0;0;0;0;0;0;0;0;0
All for Nothing;Pays-Bas;2001;false;Rotterdam;1;0;0;0;0;0;0;Warzone;0;0;0;0;0
All Pigs Must Die;Etats-Unis;2010;false;Boston;1;0;0;0;0;0;0;0;0;0;0;Warzone;0
All Shall Perish;Etats-Unis;2002;false;NA;2;0;0;0;Terrorizer tent;0;0;Main 02;0;0;0;0;0
Allegiance;Etats-Unis;NA;NA;NA;1;Hard n'Heavy stage;0;0;0;0;0;0;0;0;0;0;0
Alpha Tiger;Allemagne;NA;false;NA;1;0;0;0;0;0;0;Main 01;0;0;0;0;0
Alter Bridge;Etats-Unis;2004;false;Orlando;3;0;0;0;0;0;Main 01;0;0;Main 01;0;0;Main 01
Amebix;Angleterre;1978;true;NA;1;0;0;0;Main 02;0;0;0;0;0;0;0;0
Amenra;Belgique;2003;false;Kortrijk;1;Hard n'Heavy stage;0;0;0;0;0;Valley;0;0;0;0;0
Amon Amarth;Suède;1992;false;Tumba;4;0;Main;0;Rock Hard tent;0;0;Temple;0;0;0;Main 02;0
Amorphis;Finlande;1990;false;Helsinki;1;0;0;0;0;0;0;0;Altar;0;0;0;0
Anaal Nathrakh;Angleterre;1999;false;NA;2;0;0;Discover stage;0;0;0;Temple;0;0;0;0;0
Anathema;Angleterre;NA;NA;NA;2;0;0;Second stage;0;0;Main 02;0;0;0;0;0;0
Angel Witch;Angleterre;1977;false;London;1;0;0;0;0;0;Main 01;0;0;0;0;0;0
Angelus Apatrida;Espagne;2000-03;false;NA;1;0;0;0;0;0;0;0;0;Main 02;0;0;0
Angra;Brésil;1991;false;NA;1;0;0;0;0;0;0;0;0;Main 02;0;0;0
Angry Days;France;NA;NA;NA;1;0;0;0;0;0;0;0;0;0;0;Metal Corner;0
Animals as Leaders;Etats-Unis;2007;false;Washington;1;0;0;0;0;0;0;0;0;0;0;0;Main 01
Animosity;Etats-Unis;NA;NA;NA;1;0;Main;0;0;0;0;0;0;0;0;0;0
Annihilator;Canada;NA;false;NA;2;0;0;0;0;Main 02;0;0;0;Main 02;0;0;0
Antharès;France;1984;false;NA;1;0;0;0;0;0;0;0;0;Metal Corner;0;0;0
Anthrax;Etats-Unis;NA;NA;NA;2;0;0;0;Main 02;0;0;0;0;0;0;Main 01;0
Anti-Flag;Etats-Unis;1988;false;Pittsburgh;1;0;0;0;0;0;0;0;Warzone;0;0;0;0
Anvil;Canada;1978;false;Toronto;1;0;0;0;0;Main 02;0;0;0;0;0;0;0
Aosoth;France;2002;true;Paris;1;0;0;0;0;0;0;Temple;0;0;0;0;0
Apocalyptica;Finlande;1993;false;Helsinki;3;Main;0;Main;0;0;Main 01;0;0;0;0;0;Main 02
Arcania;France;1999;false;NA;1;0;0;0;0;0;0;Metal Corner;0;0;0;0;0
Arch Enemy;Suède;1996;false;Halmstad;2;Hard n'Heavy stage;0;0;0;Main 02;0;0;0;0;Altar;0;0
Archgoat;Finlande;1989;false;NA;1;0;0;0;0;0;0;0;0;0;0;Temple;0
Architects;Angleterre;NA;NA;NA;1;0;0;0;0;0;Main 01;0;0;0;0;0;0
Arcturus;Norvège;NA;NA;NA;1;0;0;0;0;0;0;Temple;0;0;0;0;0
Argile;France;1997;false;NA;1;0;0;0;0;0;0;0;0;0;Temple;0;0
Arkhon Infaustus;France;1997;false;NA;1;0;0;0;0;0;0;0;0;0;0;0;Temple
Arkona;Russie;NA;NA;NA;2;0;0;0;0;0;Rock Hard tent;0;0;0;Temple;0;0
Arma Gathas;Suisse;2006;false;NA;1;0;0;0;0;0;Terrorizer tent;0;0;0;0;0;0
Armored Saint;Etats-Unis;1982;false;Los Angeles;1;0;0;0;0;0;0;0;0;0;Main 01;0;0
Arson Anthem;Etats-Unis;2006;false;NA;1;0;0;0;0;0;0;Warzone;0;0;0;0;0
Arthemis;Italie;1994;false;NA;1;0;0;0;0;0;0;0;0;0;0;Main 02;0
As I Lay Dying;Etats-Unis;NA;NA;NA;1;Main;0;0;0;Terrorizer tent;0;0;0;0;0;0;0
As It Comes;France;2008;true;NA;1;0;0;0;0;0;0;Metal Corner;0;0;0;0;0
As They Burn;France;39296;true;Paris;1;0;0;0;0;0;0;Warzone;0;0;0;0;0
Ascension;Allemagne;NA;NA;NA;1;0;0;0;0;0;0;Temple;0;0;0;0;0
ASG;Etats-Unis;NA;false;NA;1;0;0;0;0;0;0;0;0;0;Valley;0;0
Asking Alexandria;Angleterre;2007;false;York;1;0;0;0;0;0;0;0;Main 02;0;0;0;0
Asphyx;Pays-Bas;NA;NA;NA;2;0;0;0;0;Rock Hard tent;0;0;0;0;0;Altar;0
At the Gates;Suède;1990;false;Gothenburg;3;0;0;Second stage;0;0;0;0;Altar;0;Altar;0;0
Atari Teenage Riot;Allemagne;1992-01;false;Berlin;1;0;0;0;0;0;0;0;Warzone;0;0;0;0
Atheist;Etats-Unis;1987;false;NA;2;0;Main;0;0;0;Main 02;0;0;0;0;0;0
Atreyu;Etats-Unis;1998;false;Orange County;1;0;0;0;0;0;0;0;0;0;0;Main 02;0
Attentat Rock;France;1980;false;Avignon;1;0;0;0;0;0;0;0;Main 01;0;0;0;0
Audrey Horne;Norvège;NA;false;NA;3;0;0;0;0;0;Main 02;0;Main 01;0;0;Main 02;0
August Burns Red;Etats-Unis;2003-03;false;NA;3;0;0;0;Terrorizer tent;0;0;Main 02;0;0;0;Main 02;0
Aura Noir;Norvège;1993;false;NA;3;0;0;0;Rock Hard tent;0;0;0;Temple;0;0;Temple;0
Autopsy;Etats-Unis;NA;false;NA;1;0;0;0;0;0;0;0;0;0;0;0;Altar
Ava Inferi;Portugal;2005;true;NA;1;0;0;Discover stage;0;0;0;0;0;0;0;0;0
Avantasia;Allemagne;2000;false;NA;1;0;0;0;0;0;0;0;Main 02;0;0;0;0
Avatar;Suède;NA;false;NA;1;0;0;0;0;0;0;0;0;0;0;0;Main 01
Avenged Sevenfold;Etats-Unis;1999;false;Huntington Beach;1;Main;0;0;0;0;0;0;0;Main 02;0;0;0
Avulsed;Espagne;1991-08;false;NA;1;0;0;0;0;0;0;Altar;0;0;0;0;0
Awekening Sun;Lithuanie;NA;NA;NA;1;0;0;0;0;0;0;0;0;0;0;Metal Corner;0
Ays;Allemagne;NA;false;NA;1;0;0;0;0;0;0;0;0;Warzone;0;0;0
Azziard;France;2001;false;NA;1;0;0;0;0;0;0;0;0;Temple;0;0;0
Backfire;Pays-Bas;NA;false;NA;1;0;0;0;Terrorizer tent;0;0;0;0;0;0;0;0
Backtrack;Etats-Unis;2007;false;NA;1;0;0;0;0;0;0;0;0;0;0;Warzone;0
Backyard Babies;Suède;1987;false;Nässjö;2;0;0;0;Main 01;0;0;0;0;0;Main 02;0;0
Bad Brains;Etats-Unis;NA;NA;NA;1;0;0;0;0;0;Terrorizer tent;0;0;0;0;0;0
Bad Religion;Etats-Unis;1980;false;Los Angeles;2;0;0;0;0;0;0;0;Warzone;0;0;Warzone;0
Bain de Sang;France;NA;NA;NA;1;0;0;0;0;0;0;0;0;0;0;Metal Corner;0
Bane;Etats-Unis;2006;false;NA;1;0;0;0;0;0;0;0;Warzone;0;0;0;0
Baroness;Etats-Unis;2003;false;Savannah;2;0;0;Discover stage;0;0;0;0;0;0;0;0;Valley
Behemoth;Pologne;1991;false;Gda?sk;5;0;Gibson stage;0;0;Main 02;0;Temple;0;Main 02;0;0;Main 02
Behexen;Finlande;1994;false;NA;1;0;0;0;0;0;0;0;0;0;0;Temple;0
Belenos;France;1995;false;NA;1;0;0;0;0;0;0;Temple;0;0;0;0;0
Belphegor;Autriche;1993;false;Salzburg;4;0;0;Discover stage;0;0;Rock Hard tent;0;Temple;0;0;0;Temple
Benediction;Angleterre;1988;false;NA;1;0;0;0;0;0;0;Altar;0;0;0;0;0
Benighted;France;NA;NA;NA;3;0;0;Discover stage;0;0;0;Altar;0;Altar;0;0;0
Berri Txarrak;Espagne;1994;false;Lekunberri;1;0;0;0;0;0;0;0;Warzone;0;0;0;0
Betrayed;NA;NA;false;NA;1;0;0;0;Terrorizer tent;0;0;0;0;0;0;0;0
Betraying the Martyrs;France;NA;NA;NA;2;0;0;0;0;0;0;Main 02;0;0;0;0;Main 01
Between the Buried and Me;Etats-Unis;2000;false;Raleigh;3;0;0;Discover stage;0;Terrorizer tent;0;0;Altar;0;0;0;0
Beyond Creation;Canada;2005;false;Montreal;1;0;0;0;0;0;0;0;0;0;0;0;Altar
Big Business;Etats-Unis;2004;false;Seattle;1;0;0;0;0;0;0;Valley;0;0;0;0;0
Billy Idol;Angleterre;20423;false;Stanmore;1;0;0;0;0;0;0;0;0;0;Main 01;0;0
Biohazard;Etats-Unis;NA;false;NA;3;0;0;0;0;Main 02;0;Warzone;0;0;Warzone;0;0
Birds in Raw;France;NA;false;NA;1;0;0;0;0;0;0;0;0;0;Warzone;0;0
Bison B.C.;Canada;2003;false;Vancouver;1;0;0;0;0;0;0;0;Valley;0;0;0;0
Black Bomb A;France;1995;false;NA;1;0;0;0;0;0;0;Main 02;0;0;0;0;0
Black Breath;Etats-Unis;2006;false;Bellingham;1;0;0;0;0;0;0;0;Valley;0;0;0;0
Black Cobra;Etats-Unis;2002;false;San Francisco;2;0;0;0;0;Terrorizer tent;0;0;Valley;0;0;0;0
Black Label Society;Etats-Unis;1998;false;NA;3;0;0;0;0;0;Main 01;Main 01;0;Temple;0;0;0
Black Pyramid;Etats-Unis;2007;false;NA;1;0;0;0;0;0;0;0;Valley;0;0;0;0
Black Sabbath;Angleterre;1969;true;Birmingham;2;0;0;0;0;0;0;0;0;Main 01;0;Main 01;0
Black Spiders;Angleterre;2008;false;NA;1;0;0;0;0;0;0;0;Main 01;0;0;0;0
Black Star Riders;Etats-Unis;2012-12;false;United States;1;0;0;0;0;0;0;0;0;0;0;0;Main 01
Black Stone Cherry;Etats-Unis;37046;false;Edmonton;1;0;0;0;Main 02;0;0;0;0;0;0;0;0
Black Tide;Etats-Unis;2004;false;NA;1;0;0;Discover stage;0;0;0;0;0;0;0;0;0
Black Tusk;Etats-Unis;2005;false;Savannah;1;0;0;0;0;0;0;0;0;Valley;0;0;0
Blasphème;France;1981;false;NA;1;0;0;0;0;Main 02;0;0;0;0;0;0;0
BL'AST!;Etats-Unis;NA;NA;NA;1;0;0;0;0;0;0;0;0;Warzone;0;0;0
Blazing War Machine;France;2005;false;NA;1;0;0;Discover stage;0;0;0;0;0;0;0;0;0
Bleed;France;NA;NA;NA;1;0;0;0;0;0;0;0;0;0;0;0;Metal Corner
Bleeding Through;Etats-Unis;1999;true;Woodlake;1;0;0;Discover stage;0;0;0;0;0;0;0;0;0
Blind Guardian;Allemagne;1988;false;Krefeld;2;0;Gibson stage;0;0;0;0;0;0;0;0;Main 02;0
Blobfish Killer;France;NA;NA;NA;1;0;0;0;0;0;0;0;0;0;0;Metal Corner;0
Blockheads;Angleterre;1992;false;NA;2;0;0;0;Terrorizer tent;0;0;0;0;Altar;0;0;0
Blood Ceremony;Canada;2006;false;Toronto;1;0;0;0;0;0;0;0;0;0;0;0;Valley
Blood Red Throne;Norvège;1999;false;NA;1;0;0;0;0;0;0;Altar;0;0;0;0;0
Bloodbath;Suède;NA;NA;NA;2;0;0;0;0;Rock Hard tent;0;0;0;0;Altar;0;0
Bloodsimple;Etats-Unis;2002;true;NA;1;Main;Main;0;0;0;0;0;0;0;0;0;0
Blue Öyster Cult;Etats-Unis;1987;false;NA;2;0;0;0;0;0;0;Main 01;0;0;0;0;Valley
Blues Pills;Suède;2011-12;false;Ames;1;0;0;0;0;0;0;0;0;Main 01;0;0;0
Body Count ft. Ice-T;Etats-Unis;NA;false;NA;1;0;0;0;0;0;0;0;0;0;Warzone;0;0
Bolt Thrower;Angleterre;1986;true;Coventry;1;0;0;0;0;0;Rock Hard tent;0;0;0;0;0;0
Bölzer;Suisse;2008;false;Zurich;1;0;0;0;0;0;0;0;0;0;Altar;0;0
Bongripper;Etats-Unis;2005;false;Chicago;1;0;0;0;0;0;0;0;0;0;0;0;Valley
Booze & Glory;Angleterre;NA;NA;NA;1;0;0;0;0;0;0;0;0;0;0;0;Warzone
Borgne;Suisse;1998;false;NA;1;0;0;0;0;0;0;0;0;Temple;0;0;0
Born From Pain;Pays-Bas;1997;false;NA;2;Hard n'Heavy stage;0;Second stage;0;Terrorizer tent;0;0;0;0;0;0;0
Born to Burn;France;NA;NA;NA;1;0;0;0;0;0;0;0;0;0;0;0;Metal Corner
Bouncil Souls;NA;NA;NA;NA;1;0;0;0;0;0;0;0;0;0;0;0;Warzone
Boysetsfire;Etats-Unis;1994-10;false;Newark;1;Hard n'Heavy stage;0;0;0;0;0;0;0;0;0;0;0
Brain Police;Islande;1998;false;NA;1;0;0;0;0;0;0;Valley;0;0;0;0;0
Brant Bjork and the Bros;Etats-Unis;NA;false;NA;2;0;0;0;0;Terrorizer tent;0;0;0;0;Valley;0;0
Breakdust;France;2003;false;NA;2;0;0;0;0;0;0;0;0;Metal Corner;Main 02;0;0
Bright Curse;Angleterre;41065;false;London;1;0;0;0;0;0;0;0;0;0;0;0;Valley
Bring Me the Horizon;Angleterre;2004-03;false;Sheffield;1;0;0;0;0;0;0;0;0;0;0;Main 02;0
Brodequin;Etats-Unis;1998;false;NA;1;0;0;0;0;0;0;0;0;0;0;Altar;0
Broken Teeth;Angleterre;NA;false;NA;1;0;0;0;0;0;0;0;0;0;Warzone;0;0
Brujeria;Mexique;1989;false;Tijuana;2;0;Main;0;0;0;0;Altar;0;0;0;0;0
Brutal Truth;Etats-Unis;1990;true;Rochester;4;0;Gibson stage;0;Terrorizer tent;0;0;Altar;0;Altar;0;0;0
Brutality Will Prevail;Pays de Galles;NA;false;NA;1;0;0;0;0;0;0;0;0;Warzone;0;0;0
Buckcherry;Etats-Unis;1995;false;Anaheim;2;0;0;0;Main 01;0;0;0;0;Main 02;0;0;0
Bukowski;France;2007;false;NA;1;0;0;0;0;0;0;Main 01;0;0;0;0;0
Bullet for My Valentine;Pays de Galles;2003;false;Bridgend;2;0;0;0;0;0;0;0;Main 02;0;0;Main 01;0
Bunkum;France;NA;false;NA;1;0;0;0;0;0;0;Metal Corner;0;0;0;0;0
Burning Heads;France;1988;false;Orléans;1;0;0;0;0;0;0;0;0;Warzone;0;0;0
Bury Tomorrow;Angleterre;2006;false;Southampton;1;0;0;0;0;0;0;0;0;0;0;Main 02;0
Bury Your Dead;Etats-Unis;2001;false;Boston;1;0;0;0;0;0;0;0;Warzone;0;0;0;0
Butcher Babies;Etats-Unis;2010;false;Los Angeles;1;0;0;0;0;0;0;0;0;0;Main 01;0;0
Buzzcocks;Angleterre;1976;false;Bolton;1;0;0;0;0;0;0;0;Warzone;0;0;0;0
Caliban;Allemagne;NA;false;NA;1;0;0;0;0;0;0;0;0;0;0;Warzone;0
Cancer Bats;Canada;2004-05;false;Toronto;1;0;0;0;0;0;0;Warzone;0;0;0;0;0
Candiria;Etats-Unis;NA;NA;NA;1;0;0;0;0;0;0;0;0;0;0;0;Warzone
Candlemass;Suède;1984;false;Stockholm;3;0;0;Second stage;0;Rock Hard tent;0;0;Altar;0;0;0;0
Cannibal Corpse;Etats-Unis;NA;false;NA;3;0;Gibson stage;0;0;0;0;Altar;0;0;Altar;0;0
Capricorns;Angleterre;2003;true;NA;1;Hard n'Heavy stage;0;0;0;0;0;0;0;0;0;0;0
Captain Cleanoff;Australie;1997;false;NA;1;0;0;0;0;0;0;0;Altar;0;0;0;0
Carach Angren;Pays-Bas;2003;false;NA;1;0;0;0;0;0;0;0;0;0;Temple;0;0
Carcariass;France;1991;false;NA;1;0;0;0;0;0;0;0;0;0;0;0;Altar
Carcass;Angleterre;1985;false;Liverpool;3;0;0;Second stage;0;Main 02;0;0;0;Altar;0;0;0
Carnal Lust;France;1998;false;NA;1;0;0;0;0;0;0;0;0;Altar;0;0;0
Carnifex;Etats-Unis;2006;false;NA;1;0;0;0;0;Terrorizer tent;0;0;0;0;0;0;0
Carnival in Coal;France;1995;true;NA;1;Main;0;0;0;0;0;0;0;0;0;0;0
Carpathian Forest;Norvège;1990;false;NA;1;0;0;0;0;0;0;0;Temple;0;0;0;0
Caspian;Etats-Unis;NA;false;NA;1;0;0;0;0;0;0;0;0;Valley;0;0;0
Cathedral;Angleterre;NA;NA;NA;1;0;0;0;Rock Hard tent;0;0;0;0;0;0;0;0
Cattle Decapitation;Etats-Unis;1996;false;San Diego;1;0;0;0;0;0;0;0;0;0;0;Altar;0
Cavalera Conspiracy;Brésil;2007;false;NA;3;0;0;Main;0;0;Main 01;0;0;0;Main 01;0;0
Celeste;France;NA;false;NA;1;0;0;0;0;0;0;Valley;0;0;0;0;0
Celtic Frost;Suisse;1984-06;true;Zurich;1;Hard n'Heavy stage;0;0;0;0;0;0;0;0;0;0;0
Cephalic Carnage;Etats-Unis;1992;false;Denver;1;Hard n'Heavy stage;0;0;0;0;0;0;0;0;0;0;0
Ceremonial Oath;Suède;1989;false;Mölndal;1;0;0;0;0;0;0;0;Altar;0;0;0;0
Channel Zero;Belgique;1990;false;Brussels;1;0;0;0;0;0;0;Main 02;0;0;0;0;0
Chelsea Wolfe;Etats-Unis;2007;NA;NA;1;0;0;0;0;0;0;0;0;0;0;0;Valley
Chelsea Wolfe;Etats-Unis;30634;false;Sacramento;1;0;0;0;0;0;0;0;0;0;0;0;Altar
Chiens;France;2009;false;NA;1;0;0;0;0;0;0;0;0;0;Metal Corner;0;0
Children of Bodom;Finlande;1997;false;Espoo;3;0;Main;0;0;0;0;Altar;0;0;Altar;0;0
Chimaira;Etats-Unis;1998;true;Cleveland;1;0;Main;0;0;0;0;0;0;0;0;0;0
Chronicles;France;NA;NA;NA;1;0;0;0;0;0;0;0;0;0;0;Metal Corner;0
Church of Misery;Japon;1995;false;Shinjuku;1;0;0;0;0;0;Terrorizer tent;0;0;0;0;0;0
Clutch;Etats-Unis;NA;NA;NA;4;0;0;0;Main 02;0;Terrorizer tent;0;0;Valley;0;0;Valley
Coal Chamber;Etats-Unis;1993;false;Los Angeles;1;0;0;0;0;0;0;0;Main 02;0;0;0;0
Coalesce;Etats-Unis;1994;true;Kansas City;1;0;0;0;Terrorizer tent;0;0;0;0;0;0;0;0
Cobra;Japon;2005;false;NA;1;0;0;0;0;0;0;0;0;Warzone;0;0;0
Cock and Ball Torture;Allemagne;1997;false;NA;1;0;0;0;0;0;0;0;0;0;Altar;0;0
Cock Sparrer;Angleterre;1974;false;London;1;0;0;0;0;0;0;0;0;0;Warzone;0;0
Cockney Rejects;Angleterre;1979;false;London;1;0;0;0;0;0;0;0;Warzone;0;0;0;0
Code Orange;Etats-Unis;2009;false;Pittsburgh;1;0;0;0;0;0;0;0;0;0;Warzone;0;0
Coffins;Japon;1996;false;NA;1;0;0;0;0;0;0;0;0;0;Altar;0;0
Coldworker;Suède;2006;false;NA;1;0;Discover stage;0;0;0;0;0;0;0;0;0;0
Colossus;France;2008;false;Stockholm;1;0;0;0;0;0;0;0;0;Metal Corner;0;0;0
Colour Haze;Allemagne;1994;false;Munich;1;0;0;0;0;0;0;Valley;0;0;0;0;0
Comeback Kid;Canada;2000;false;Winnipeg;4;0;0;Discover stage;0;0;Terrorizer tent;0;0;Warzone;0;0;Warzone
Conan;Angleterre;NA;false;NA;1;0;0;0;0;0;0;0;0;Valley;0;0;0
Condkoï;France;NA;false;NA;1;0;0;0;0;Rock Hard tent;0;0;0;0;0;0;0
Converge;Etats-Unis;NA;NA;NA;4;0;Gibson stage;0;0;0;Terrorizer tent;0;Warzone;0;0;Warzone;0
Coroner;Suisse;1983;false;Zurich;2;0;0;0;0;0;Main 02;0;0;0;0;0;Altar
Corrosion of Conformity;Etats-Unis;1982;false;Raleigh;1;0;0;0;0;0;Terrorizer tent;0;0;0;0;0;0
Corrosive Elements;France;2005;false;Paris;1;0;0;0;0;0;0;0;0;0;0;Altar;0
Cortez;Suisse;NA;false;NA;1;Hard n'Heavy stage;0;0;0;0;0;0;0;0;0;0;0
Corvus Corax;Allemagne;1989-12;false;NA;1;0;0;0;0;0;0;0;0;0;0;0;Temple
Coupe Gorge;France;NA;NA;NA;1;0;0;0;0;0;0;0;0;0;0;0;Metal Corner
Cover Kill;Suisse;NA;NA;NA;1;0;0;0;0;0;0;Metal Corner;0;0;0;0;0
Cowards;France;2012;false;NA;1;0;0;0;0;0;0;0;0;0;0;Warzone;0
Cradle of Filth;Angleterre;1991;false;Ipswich;4;Main;0;0;Main 01;0;Rock Hard tent;0;Temple;0;Temple;0;0
Craft;Suède;NA;false;NA;1;0;0;0;0;0;0;0;0;0;Temple;0;0
Cranks;France;NA;NA;NA;1;0;0;0;0;0;0;0;0;0;0;0;Metal Corner
Crashdïet;Suède;2000;false;NA;1;0;0;0;0;0;0;Main 01;0;0;0;0;0
Crimson Daze;France;NA;NA;NA;1;0;0;0;0;0;0;Metal Corner;0;0;0;0;0
Crippled Black Phoenix;Angleterre;2004;false;Bristol;1;0;0;0;0;0;0;0;0;0;0;0;Valley
Crobot;Etats-Unis;2011;false;Pottsville;1;0;0;0;0;0;0;0;0;0;0;Valley;0
Cro-Mags;Etats-Unis;1982;false;New York;1;0;0;0;Terrorizer tent;0;0;0;0;0;0;0;0
Crossfaith;Japon;2006;false;Osaka;1;0;0;0;0;0;0;0;0;Main 01;0;0;0
Crowbar;Etats-Unis;NA;NA;NA;2;0;0;0;0;Main 02;0;0;0;Main 01;0;0;0
Cruachan;Irlande;1992;false;Dublin;1;0;0;0;0;0;0;0;0;0;0;Temple;0
Crucified Barbara;Suède;1998;true;Stockholm;1;0;0;0;0;0;Main 01;0;0;0;0;0;0
Crusher;France;NA;NA;NA;1;0;0;0;0;0;0;0;0;0;Altar;0;0
Crushing Caspars;Allemagne;NA;false;NA;1;0;0;0;0;0;0;0;0;Warzone;0;0;0
Crypt Sermon;Etats-Unis;NA;false;NA;1;0;0;0;0;0;0;0;0;0;0;0;Altar
Cryptopsy;Canada;1992;false;Montreal;2;0;0;0;0;0;0;0;Altar;0;0;0;Altar
Cult of Luna;Suède;1998;false;Umeå;2;0;0;Discover stage;0;0;0;0;Valley;0;0;0;0
Cynic;Etats-Unis;NA;false;NA;1;0;Gibson stage;0;0;0;0;0;0;0;0;0;0
D.R.I.;Etats-Unis;NA;NA;NA;1;0;0;0;0;0;0;0;0;0;0;0;Warzone
D.Usk;NA;NA;NA;NA;1;0;0;0;0;0;0;Valley;0;0;0;0;0
D-A-D;Danemark;NA;false;NA;1;0;0;0;0;0;0;Main 01;0;0;0;0;0
Dagoba;France;1997;false;Marseille;3;Hard n'Heavy stage;0;0;Main 01;0;Main 02;0;0;Main 02;0;0;0
Damnation A.D.;Etats-Unis;1992;false;Washington;1;Hard n'Heavy stage;0;0;0;0;0;0;0;0;0;0;0
Dance Laury Dance;NA;NA;NA;NA;1;0;0;0;0;0;0;0;0;0;0;Metal Corner;0
Dancefloor Disaster;France;NA;false;NA;1;0;0;0;0;0;0;0;Metal Corner;0;0;0;0
Danforth;France;2003;false;NA;1;0;0;0;0;0;0;0;Metal Corner;0;0;0;0
Danko Jones;Canada;NA;false;NA;2;Main;0;Main;0;0;0;0;Main 01;0;0;0;0
Danzig;Etats-Unis;1987;false;Lodi;1;0;0;0;0;0;0;0;Valley;0;0;0;0
Dark Angel;Etats-Unis;NA;false;NA;1;0;0;0;0;0;0;0;0;Main 01;0;0;0
Dark Fortress;Allemagne;1994;false;NA;1;0;0;0;0;0;0;0;0;0;0;Temple;0
Dark Funeral;Suède;1993;false;NA;3;0;0;0;0;Rock Hard tent;0;0;Temple;0;0;Temple;0
Dark Tranquility;Suède;NA;false;NA;3;0;Main;0;0;0;Rock Hard tent;0;0;0;Main 02;0;0
Darkest Hour;Etats-Unis;1995;false;Washington;1;Main;0;0;0;0;0;Warzone;0;0;0;0;0
Darkness Dynamite;France;2006;false;Paris;1;0;0;0;0;0;0;0;0;Main 02;0;0;0
Darkspace;Suisse;1999;false;NA;1;0;0;0;0;0;0;Temple;0;0;0;0;0
Dead Congregation;Grèce;2004;false;Athens;1;0;0;0;0;0;0;0;Altar;0;0;0;0
Dead Kennedys;Etats-Unis;1978-06;false;San Francisco;1;Main;0;0;0;0;0;0;0;0;Warzone;0;0
Dead to Fall;Etats-Unis;1999;true;Chicago;1;Main;0;0;0;0;0;0;0;0;0;0;0
Deadly Whispers;France;NA;NA;NA;1;0;0;0;0;0;0;0;0;Metal Corner;0;0;0
Deafheaven;Etats-Unis;2010;false;San Francisco;1;0;0;0;0;0;0;0;0;0;0;0;Temple
Death Alley;Pays-Bas;2013;false;Amsterdam;1;0;0;0;0;0;0;0;0;0;0;Valley;0
Death Angel;Etats-Unis;1982;false;San Francisco;3;0;0;Second stage;0;0;0;Main 02;0;Main 02;0;0;0
Death Before Dishonor;Etats-Unis;NA;NA;NA;1;0;0;0;0;0;0;Warzone;0;0;0;0;0
Death Engine;France;NA;false;NA;1;0;0;0;0;0;0;0;0;0;Valley;0;0
Death to All;Etats-Unis;NA;false;NA;1;0;0;0;0;0;0;0;0;Altar;0;0;0
Deathcode Society;France;NA;false;NA;1;0;0;0;0;0;0;0;0;0;0;0;Temple
Decapitated;Pologne;1996;false;Krosno;2;0;0;0;0;Rock Hard tent;0;0;0;0;0;0;Altar
Dee Snider;Etats-Unis;20163;false;Astoria;1;0;0;0;0;0;0;0;0;0;0;0;Main 02
Deep in Hate;France;2003;false;NA;1;0;0;0;0;0;0;0;0;0;Altar;0;0
Deep Purple;Angleterre;1968;false;Hertford;2;0;0;0;0;0;0;0;0;Main 01;0;0;Main 01
Deez Nuts;Australie;2007;false;Melbourne;3;0;0;0;0;0;Terrorizer tent;0;Warzone;0;0;0;Warzone
Def Leppard;Angleterre;1977;false;Sheffield;1;0;0;0;0;0;0;0;Main 01;0;0;0;0
dEFDUMp;Luxembourg;NA;false;NA;1;0;Discover stage;0;0;0;0;0;0;0;0;0;0
Defeater;Etats-Unis;2004;false;Boston;1;0;0;0;0;0;0;0;0;0;Warzone;0;0
Deftones;Etats-Unis;1988;false;Sacramento;1;0;0;0;0;Main 01;0;0;0;0;0;0;0
Deicide;Etats-Unis;1987;false;Tampa;1;0;0;0;0;0;0;0;0;0;0;Temple;0
Delain;Pays-Bas;2002;false;Zwolle;2;0;0;0;0;Main 01;0;0;0;0;0;Main 01;0
Déluge;France;NA;NA;NA;1;0;0;0;0;0;0;0;0;0;0;0;Temple
Demented Are Go!;Pays de Galles;NA;NA;NA;1;Hard n'Heavy stage;0;0;0;0;0;0;0;0;0;0;0
Der Weg einer Freiheit;Allemagne;2009-02;false;Würzburg;1;0;0;0;0;0;0;0;0;0;Temple;0;0
Despise You;Etats-Unis;NA;false;NA;1;0;0;0;0;0;0;0;0;0;Warzone;0;0
Despised Icon;Canada;2002;false;Montreal;1;0;0;0;Terrorizer tent;0;0;0;0;0;0;0;0
Destinity;France;1996-07;false;NA;1;0;Discover stage;0;0;0;0;0;0;0;0;0;0
Deströyer 666;Australie;1994-05;false;NA;2;0;0;0;Rock Hard tent;0;0;0;0;Temple;0;0;0
Destruction;Allemagne;1983;false;Weil am Rhein;2;0;0;0;Main 02;0;Main 02;0;0;0;0;0;0
Desultory;Suède;NA;false;NA;1;0;0;0;0;0;0;0;0;0;Altar;0;0
DevilDriver;Etats-Unis;2003;false;Santa Barbara;2;Hard n'Heavy stage;0;0;Main 01;0;0;Main 02;0;0;0;0;0
DevilDriver;Etats-Unis;2003;false;Santa Barbara;1;0;0;0;0;0;0;0;0;0;0;0;Main 02
Devil's Blood;Pays-Bas;2007;true;NA;2;0;0;0;0;Terrorizer tent;0;Valley;0;0;0;0;0
Devin Townsend Project;Canada;NA;false;NA;2;0;0;0;0;Main 02;0;0;0;0;0;0;Main 01
Dew-Scented;Allemagne;1992;false;NA;2;0;Main;0;0;Main 02;0;0;0;0;0;0;0
Dillinger Escape Plan;Etats-Unis;1997-03;true;Morris Plains;2;0;0;Second stage;0;Terrorizer tent;0;0;0;0;0;0;0
Dimmu Borgir;Norvège;1993;false;Oslo;2;0;0;Main;0;0;0;Temple;0;0;0;0;0
Dirty Fonzy;France;2003;false;NA;1;0;0;0;0;0;0;0;0;0;0;Warzone;0
Dirty Rotten Imbeciles;Etats-Unis;2011;false;Norwich;1;0;0;0;0;0;Terrorizer tent;0;0;0;0;0;0
Discharge;Angleterre;1978;true;NA;3;0;0;0;0;Terrorizer tent;0;Warzone;0;0;0;Warzone;0
Discipline;Pays-Bas;NA;NA;NA;1;0;0;0;0;Terrorizer tent;0;0;0;0;0;0;0
Disfear;Suède;1989;false;NA;1;0;0;Discover stage;0;0;0;0;0;0;0;0;0
Disturbed;Etats-Unis;NA;NA;NA;1;0;0;0;0;0;0;0;0;0;0;Main 02;0
DJ Kemical Kem;France;NA;NA;NA;1;0;0;0;0;0;0;Metal Corner;0;0;0;0;0
DJ Kurgan;France;NA;NA;NA;1;0;0;0;0;0;0;0;Metal Corner;0;0;0;0
DJ McFly;France;NA;NA;NA;1;0;0;0;0;0;0;0;0;0;0;0;Metal Corner
DJ Mike Rock;France;NA;false;NA;6;0;0;0;0;0;0;Metal Corner;Metal Corner;Metal Corner;Metal Corner;Metal Corner;Metal Corner
DJ Pam Lee;NA;NA;NA;NA;1;0;0;0;0;0;0;0;0;0;0;Metal Corner;0
DJ Psychoterror;France;NA;NA;NA;1;0;0;0;0;0;0;0;0;0;0;0;Metal Corner
DJ Spideric;France;NA;false;NA;2;0;0;0;0;0;0;Metal Corner;Metal Corner;0;0;0;0
DJ Twisted Sisters;Etats-Unis;NA;NA;NA;1;0;0;0;0;0;0;0;0;0;0;Metal Corner;0
DJ X-Gore;France;NA;false;NA;2;0;0;0;0;0;0;0;0;Metal Corner;Metal Corner;0;0
Djerv;Norvège;2010;false;Oslo;1;0;0;0;0;0;0;Temple;0;0;0;0;0
Do or Die;Belgique;NA;NA;NA;1;0;0;0;0;0;0;Main 02;0;0;0;0;0
Doctor Livingstone;France;1998;false;Montpellier;1;0;0;0;0;0;0;0;0;0;Temple;0;0
Dødheimsgard;Norvège;1994;false;NA;2;0;0;0;0;0;Rock Hard tent;0;0;0;0;0;Temple
Dog Eat Dog;Etats-Unis;NA;false;NA;1;0;0;0;0;0;0;Warzone;0;0;0;0;0
Doom;Angleterre;NA;NA;NA;1;0;0;0;0;Terrorizer tent;0;0;0;0;0;0;0
Doomriders;Etats-Unis;2004;false;NA;1;0;0;0;0;0;0;Valley;0;0;0;0;0
Dordeduh;Roumanie;2009;false;Timi?oara;1;0;0;0;0;0;0;0;0;Temple;0;0;0
Dornfall;France;NA;false;NA;1;0;Discover stage;0;0;0;0;0;0;0;0;0;0
Doro;Allemagne;NA;false;NA;1;0;0;0;0;0;Main 02;0;0;0;0;0;0
Down;Etats-Unis;1991;false;New Orleans;3;0;0;0;Main 01;0;Main 01;0;Main 01;0;0;0;0
Downfall of Gaia;Allemagne;2008;false;Hanover;1;0;0;0;0;0;0;0;0;Valley;0;0;0
Doyle Airence;France;NA;false;NA;1;0;0;0;0;0;0;0;0;Main 02;0;0;0
Dozer;Suède;NA;NA;NA;1;0;0;0;0;0;0;0;0;Valley;0;0;0
Dr. Living Dead!;Suède;NA;NA;NA;1;0;0;0;0;0;0;0;Main 02;0;0;0;0
DragonForce;Angleterre;1999-09;false;London;2;0;0;0;Main 01;0;0;0;0;0;0;Main 02;0
Dream Theater;Etats-Unis;1986-09;false;Boston;2;0;Main;0;Main 01;0;0;0;0;0;0;0;0
Dropkick Murphys;Etats-Unis;1996;false;Quincy;2;0;0;0;0;0;0;Main 02;0;0;0;Main 02;0
Drowned;Allemagne;NA;false;NA;1;0;0;0;0;0;0;0;0;0;0;Altar;0
Drowning;France;1996;false;Paris;1;Main;0;0;0;0;0;0;0;0;0;0;0
Duff McKagan's Loaded;Etats-Unis;1999;false;Seattle;1;0;0;0;0;0;Main 01;0;0;0;0;0;0
Dust Bolt;Allemagne;2006;false;NA;1;0;0;0;0;0;0;0;0;0;0;Altar;0
Dwarves;Etats-Unis;1983;false;Chicago;1;0;0;0;0;0;Main 02;0;0;0;0;0;0
Dying Fetus;Etats-Unis;1991;false;Upper Marlboro;3;0;0;Discover stage;0;0;0;Altar;0;0;Altar;0;0
Dylath-Leen;France;1999;false;Cambrai;1;0;Discover stage;0;0;0;0;0;0;0;0;0;0
Dÿse;Allemagne;37778;false;NA;1;0;0;0;0;0;0;Valley;0;0;0;0;0
Eagle Twin;Etats-Unis;2007;false;NA;1;0;0;0;0;0;0;0;Valley;0;0;0;0
Earth;Etats-Unis;NA;NA;NA;1;0;0;0;0;0;0;0;0;0;0;Valley;0
Earth Crisis;Etats-Unis;1992;true;Syracuse;1;0;Gibson stage;0;0;0;0;0;0;0;0;0;0
Edguy;Allemagne;1992;false;Fulda;2;0;Gibson stage;0;0;0;0;Main 02;0;0;0;0;0
Elder;Etats-Unis;1995;true;Virginia Beach;1;0;0;0;0;0;0;0;0;0;Valley;0;0
Electric Mary;Australie;2003;false;Melbourne;1;0;0;0;0;Main 01;0;0;0;0;0;0;0
Electric Wizard;Angleterre;1993;false;Dorset;4;0;0;0;Terrorizer tent;0;Terrorizer tent;0;0;Valley;0;0;Valley
Ellips3;France;NA;NA;NA;1;0;0;0;0;0;0;0;Metal Corner;0;0;0;0
Ellispsis;France;NA;NA;NA;1;0;Discover stage;0;0;0;0;0;0;0;0;0;0
Eluveitie;Suisse;2002;false;Winterthur;3;0;0;Main;0;Main 02;0;0;0;Temple;0;0;0
Emmure;Etats-Unis;2003;false;NA;1;0;0;0;0;0;0;Warzone;0;0;0;0;0
Emperor;Norvège;NA;NA;NA;3;0;Main;0;0;0;0;0;0;Main 02;0;0;Temple
Emptiness;Belgique;NA;NA;NA;1;0;0;0;0;0;0;0;0;0;0;0;Altar
Empyrium;Allemagne;1994;false;NA;1;0;0;0;0;0;0;0;0;0;0;Temple;0
Endstand;Finlande;1996;true;Riihimäki;1;Hard n'Heavy stage;0;0;0;0;0;0;0;0;0;0;0
Endstille;Allemagne;2000;false;NA;1;0;0;0;0;0;0;Temple;0;0;0;0;0
Enlighted;France;NA;NA;NA;1;0;0;0;0;0;0;0;0;0;Metal Corner;0;0
Ensiferum;Finlande;1995;false;NA;2;0;0;0;0;Main 02;0;0;0;0;Temple;0;0
Enslaved;Norvège;NA;NA;NA;5;0;Gibson stage;0;Rock Hard tent;0;0;Temple;0;Temple;0;Temple;0
Enthroned;Belgique;1993;false;Brussels;1;0;0;0;0;0;0;0;0;0;Temple;0;0
Entombed;Suède;1989;false;Stockholm;2;Main;0;0;Rock Hard tent;0;0;Altar;0;0;0;0;0
Entombed A.D.;Suède;2014;false;NA;1;0;0;0;0;0;0;0;0;0;0;Altar;0
Entrails;Suède;1990;false;NA;1;0;0;0;0;0;0;0;0;0;0;Altar;0
Envy;Japon;NA;NA;NA;2;0;0;Discover stage;0;0;0;0;0;0;Valley;0;0
Ephel Duath;Italie;1998-02;true;Padua;1;0;Gibson stage;0;0;0;0;0;0;0;0;0;0
Epica;Pays-Bas;NA;false;NA;3;0;Main;0;Main 01;0;0;0;0;0;Main 02;0;0
Equilibrium;Allemagne;NA;false;NA;3;0;0;0;0;0;0;0;Temple;Temple;0;0;Temple
Ereb Altor;Suède;2003;false;NA;1;0;0;0;0;0;0;0;0;0;0;0;Temple
Eryn Non Dae;France;2009;false;Toulouse;2;0;Discover stage;0;0;0;0;0;Valley;0;0;0;0
Escarres;France;NA;false;NA;1;0;0;0;0;0;0;Metal Corner;0;0;0;0;0
Eths;France;1999;false;Marseille;2;0;0;Main;0;0;0;0;0;0;Main 01;0;0
Europe;Suède;NA;false;NA;2;0;0;0;Main 01;0;0;0;Main 01;0;0;0;0
Evergrey;Suède;1995;false;NA;1;0;0;0;0;0;0;0;0;0;0;0;Main 02
Every Time I Die;Etats-Unis;NA;NA;NA;1;0;0;0;0;0;0;0;0;0;0;0;Warzone
Evile;Angleterre;2004;false;NA;2;0;0;Discover stage;0;Main 01;0;0;0;0;0;0;0
Evoken;Etats-Unis;1992-04;false;NA;1;0;0;0;0;0;0;0;Altar;0;0;0;0
Ex Deo;Canada;2008;false;Montreal;1;0;0;0;0;Rock Hard tent;0;0;0;0;0;0;0
Exhumed;Etats-Unis;NA;NA;NA;2;0;0;0;0;0;Rock Hard tent;0;0;0;0;0;Altar
Exodus;Etats-Unis;NA;NA;NA;3;0;0;0;0;Main 02;0;Main 02;0;0;Main 02;0;0
Extinction of Mankind;Angleterre;1992;false;NA;1;0;0;0;0;0;0;Warzone;0;0;0;0;0
Extreme;Etats-Unis;NA;false;NA;1;0;0;0;0;0;0;0;0;Main 01;0;0;0
Eyehategod;Etats-Unis;1988;false;New Orleans;3;0;0;0;Main 02;0;Terrorizer tent;0;0;0;Valley;0;0
Faith No More;Etats-Unis;1983;false;San Francisco;1;0;0;0;0;0;0;0;0;0;Main 02;0;0
Fallujah;Etats-Unis;2007;false;San Francisco;1;0;0;0;0;0;0;0;0;0;0;Altar;0
Fear Factory;Etats-Unis;33177;false;Los Angeles;1;0;0;0;0;Main 01;0;0;0;0;0;0;0
Fields of the Nephilim;Angleterre;1984;false;NA;1;0;0;0;0;Rock Hard tent;0;0;0;0;0;0;0
Finntroll;Finlande;1997-05;false;Helsinki;3;0;0;0;0;Main 02;0;0;Temple;0;Temple;0;0
Firespawn;Suède;2015;false;NA;1;0;0;0;0;0;0;0;0;0;0;0;Altar
Firewind;Grèce;1998;false;Thessaloniki;1;0;0;0;0;0;Main 01;0;0;0;0;0;0
First Blood;Etats-Unis;1984;true;Kent;1;0;0;0;0;0;0;0;0;Warzone;0;0;0
Five Finger Death Punch;Etats-Unis;2005;false;Las Vegas;2;0;0;0;0;0;0;0;0;0;Main 02;0;Main 02
Fleshgod Apocalypse;Italie;2007;false;NA;1;0;0;0;0;0;0;0;0;0;0;Temple;0
Flogging Molly;Etats-Unis;1996;false;Los Angeles;1;0;0;0;0;0;0;0;0;Warzone;0;0;0
Forbidden;Etats-Unis;1987;true;Hayward;1;0;0;Second stage;0;0;0;0;0;0;0;0;0
Foreigner;Etats-Unis;1976;false;New York;1;0;0;0;0;0;0;0;0;0;0;Main 01;0
Frank Carter & The Rattlesnakes;NA;NA;NA;NA;1;0;0;0;0;0;0;0;0;0;0;0;Warzone
Freak Kitchen;Suède;1992;false;NA;1;0;0;0;0;Main 01;0;0;0;0;0;0;0
From Ashes Rise;Etats-Unis;1997;true;NA;1;0;0;0;0;0;0;Warzone;0;0;0;0;0
Fu Manchu;Etats-Unis;1990;false;San Clemente;1;0;0;0;0;0;0;0;0;0;0;Valley;0
Fubar;Pologne;NA;NA;NA;1;0;Discover stage;0;0;0;0;0;0;0;0;0;0
Fueled by Fire;Etats-Unis;2001;false;NA;1;0;0;0;0;0;0;0;0;Main 02;0;0;0
Furia;France;NA;NA;NA;1;0;Discover stage;0;0;0;0;0;0;0;0;0;0
Gadget;Suède;NA;NA;NA;1;Main;0;0;0;0;0;0;0;0;0;0;0
Gallows;Angleterre;2005;false;Watford;1;0;0;0;0;0;0;0;Warzone;0;0;0;0
Gama Bomb;Irlande;NA;NA;NA;2;0;0;0;Main 01;0;0;Main 02;0;0;0;0;0
Gamma Ray;Allemagne;NA;NA;NA;1;0;0;Second stage;0;0;0;0;0;0;0;0;0
GBH;Angleterre;NA;false;NA;1;Main;0;0;0;0;0;0;0;0;0;0;0
Gehenna;Norvège;NA;NA;NA;1;0;0;0;0;0;0;0;0;Temple;0;0;0
General Surgery;Suède;1988;false;NA;1;0;0;0;0;Rock Hard tent;0;0;0;0;0;0;0
Gérard Baste;France;NA;NA;NA;1;0;0;0;0;0;0;0;0;0;0;0;Metal Corner
Ghost;Suède;NA;false;NA;3;0;0;0;0;0;Terrorizer tent;0;Main 02;0;0;Main 02;0
Ghost Bath;Etats-Unis;2012;false;NA;1;0;0;0;0;0;0;0;0;0;0;0;Temple
Ghost Brigade;Finlande;2005;false;NA;3;0;0;Discover stage;0;Terrorizer tent;0;0;0;0;Main 02;0;0
Ghoul;Etats-Unis;NA;false;NA;1;0;0;0;0;0;0;0;0;0;0;0;Altar
Girlschool;Angleterre;1978;false;London;2;0;0;0;Main 01;0;0;Main 01;0;0;0;0;0
Glenn Hughes;Angleterre;1942;true;NA;1;0;0;0;0;0;0;0;0;0;0;Main 01;0
Glorior Belli;France;2002;false;NA;1;0;0;0;0;0;0;Temple;0;0;0;0;0
Glowsun;France;1997;false;NA;1;0;0;0;0;0;0;0;0;0;Valley;0;0
Go It Alone;Allemagne;NA;NA;NA;1;Hard n'Heavy stage;0;0;0;0;0;0;0;0;0;0;0
Goatsnake;Etats-Unis;1996;false;Los Angeles;2;0;0;0;0;0;Terrorizer tent;0;0;0;0;Valley;0
God Forbid;Etats-Unis;1996;true;New Jersey;1;0;0;0;Main 02;0;0;0;0;0;0;0;0
God Seed;Norvège;2007;true;Bergen;2;0;0;0;Rock Hard tent;0;0;0;Temple;0;0;0;0
Godflesh;Angleterre;1988;false;Birmingham;2;0;0;0;0;Terrorizer tent;0;0;0;Valley;0;0;0
Godsmack;Etats-Unis;1996;false;NA;1;0;0;0;0;0;0;0;0;0;Main 02;0;0
Gojira;France;NA;NA;NA;3;Main;0;0;Main 01;0;0;0;Main 01;0;0;Main 01;0
Gokan;France;NA;false;NA;1;0;0;0;Main 02;0;0;0;0;0;0;0;0
Gorgoroth;Norvège;1992;false;Bergen;1;0;0;0;0;0;0;0;0;Temple;0;0;0
Gorguts;Canada;1989;false;Sherbrooke;1;0;0;0;0;0;0;0;0;Altar;0;0;0
Gorod;France;2005;false;NA;2;0;0;0;0;Main 02;0;Altar;0;0;0;0;0
Gotthard;Suisse;1992;false;Lugano;1;0;0;0;0;0;0;Main 01;0;0;0;0;0
Grand Magus;Suède;1996;false;Stockholm;3;0;0;0;Rock Hard tent;0;Terrorizer tent;0;0;0;0;Altar;0
Grave;Suède;1983;false;NA;1;0;0;0;0;0;Rock Hard tent;0;0;0;0;0;0
Grave Pleasures (Beastmilk);Finlande;2015;false;NA;1;0;0;0;0;0;0;0;0;0;Temple;0;0
Graveyard;Suède;2006-11;true;Gothenburg;1;0;0;0;0;0;0;0;Valley;0;0;0;0
Guida;Italie;NA;false;NA;1;0;0;0;0;0;0;0;0;0;Main 01;0;0
Guns N' Roses;Etats-Unis;1985-03;false;Los Angeles;1;0;0;0;0;0;0;Main 01;0;0;0;0;0
Guns Up;Etats-Unis;NA;false;NA;1;Hard n'Heavy stage;0;0;0;0;0;0;0;0;0;0;0
Gutterdämmerung;NA;NA;NA;NA;1;0;0;0;0;0;0;0;0;0;0;Warzone;0
Gutworm;Angleterre;NA;false;NA;1;0;Discover stage;0;0;0;0;0;0;0;0;0;0
H2O;Etats-Unis;NA;false;NA;1;0;0;0;0;0;0;Warzone;0;0;0;0;0
Hacride;France;2001;false;NA;2;0;Discover stage;0;Rock Hard tent;0;0;0;0;0;0;0;0
Haemorrhage;Espagne;NA;NA;NA;1;0;0;0;0;0;0;0;Altar;0;0;0;0
Haemorrhage;Espagne;NA;true;NA;2;0;0;Discover stage;0;0;0;0;Altar;0;0;0;0
Hail of Bullets;Pays-Bas;2006;true;NA;2;0;0;0;0;0;Rock Hard tent;0;0;Altar;0;0;0
Haken;Angleterre;2007;false;London;1;0;0;0;0;0;0;0;0;0;Main 02;0;0
Halestorm;Etats-Unis;1998;false;NA;1;0;0;0;0;0;0;0;0;0;0;Main 01;0
Hamlet;Espagne;NA;false;NA;1;0;0;0;0;0;0;Main 02;0;0;0;0;0
HammerFall;Suède;1993;false;Gothenburg;1;0;0;0;0;0;Main 01;0;0;0;0;0;0
Hangman's Chair;France;2005;false;NA;2;0;0;0;0;0;Terrorizer tent;0;0;0;0;Valley;0
Hank 3;Etats-Unis;NA;false;NA;1;0;0;0;0;0;0;Valley;0;0;0;0;0
Happyface;France;NA;NA;NA;1;Hard n'Heavy stage;0;0;0;0;0;0;0;0;0;0;0
Hardcore Superstar;Suède;1997;false;Gothenburg;1;0;0;0;0;0;0;0;Main 01;0;0;0;0
Hark;Pays de Galles;40393;false;Swansea;1;0;0;0;0;0;0;0;0;Valley;0;0;0
Harm Done;France;NA;NA;NA;1;0;0;0;0;0;0;0;0;0;0;0;Warzone
Harm's Way;Etats-Unis;2006;false;Chicago;1;0;0;0;0;0;0;0;0;0;0;Warzone;0
Hate;Pologne;NA;NA;NA;1;0;0;0;0;0;0;0;Temple;0;0;0;0
Hatebreed;Etats-Unis;1995;false;Bridgeport;5;0;Main;0;Main 02;0;0;Main 01;0;Main 02;0;Main 02;0
Hatesphere;Danemark;2000;false;NA;1;Main;0;0;0;0;0;0;0;0;0;0;0
Havok;Etats-Unis;2004;false;Denver;1;0;0;0;0;0;0;0;0;0;0;Altar;0
Hawk Eyes;Angleterre;2004;false;Leeds;1;0;0;0;0;0;0;0;0;0;Main 01;0;0
Hawkwind;Angleterre;1969-10;false;Ladbroke Grove;2;0;0;0;0;0;Terrorizer tent;0;0;0;0;0;Valley
Headcharger;France;1997;false;NA;1;0;0;0;0;0;Main 02;0;0;0;0;0;0
Heart Attack;France;NA;NA;NA;1;0;0;0;0;0;0;0;0;0;Metal Corner;0;0
Heathen;Etats-Unis;1984;false;NA;1;0;0;0;0;0;0;0;Main 02;0;0;0;0
Heaven and Hell;Etats-Unis;2006-11;true;NA;1;0;0;0;Main 01;0;0;0;0;0;0;0;0
Heaven Shall Burn;Allemagne;1996;false;Saalfeld;3;0;0;0;Main 02;0;0;Main 02;0;0;0;Warzone;0
Heavenly;France;NA;false;NA;1;0;Main;0;0;0;0;0;0;0;0;0;0
Heaven's Basement;Angleterre;2008;true;Manchester;1;0;0;0;0;0;0;0;Main 01;0;0;0;0
Hegemon;France;1996;false;NA;1;0;0;0;0;0;0;0;0;0;0;Temple;0
Heidevolk;Pays-Bas;2002;false;NA;1;0;0;0;0;0;0;0;0;0;0;Temple;0
Hell Militia;France;2001;false;Paris;1;0;0;0;0;0;0;0;Temple;0;0;0;0
Hellmotel;France;NA;NA;NA;1;Hard n'Heavy stage;0;0;0;0;0;0;0;0;0;0;0
Helloween;Allemagne;1984;false;Hamburg;2;Main;0;Main;0;0;0;0;Main 02;0;0;0;0
Hellyeah;Etats-Unis;2006;false;United States;1;0;0;0;0;0;0;0;Main 02;0;0;0;0
Helmet;Etats-Unis;1989;false;New York;1;0;0;0;0;0;0;0;0;0;0;0;Valley
Hemoragy;France;2002;false;France;1;0;0;0;0;0;Main 02;0;0;0;0;0;0
Herder;Pays-Bas;NA;false;NA;1;0;0;0;0;0;0;0;0;Valley;0;0;0
Hermano;Etats-Unis;NA;false;NA;1;0;0;0;0;0;0;0;0;0;0;Valley;0
High on Fire;Etats-Unis;1998;false;Oakland;1;0;0;0;0;0;0;0;0;0;Valley;0;0
Hirax;Etats-Unis;1984;false;Los Angeles;1;0;0;0;0;0;0;0;0;0;0;0;Altar
Hollywood Undead;Etats-Unis;2005;false;NA;1;0;0;0;0;0;0;0;0;0;Main 01;0;0
Holyhell;Etats-Unis;2005;false;NA;1;0;0;0;Main 01;0;0;0;0;0;0;0;0
Homestell;France;2000-09;false;NA;1;0;Discover stage;0;0;0;0;0;0;0;0;0;0
Hooded Menace;Finlande;2007;false;NA;1;0;0;0;0;0;0;0;Altar;0;0;0;0
Hoods;Etats-Unis;NA;false;NA;1;0;0;0;0;0;0;Warzone;0;0;0;0;0
Hour of Penance;Italie;1999;false;NA;1;0;0;0;0;0;0;Altar;0;0;0;0;0
House of the Broken Promises;Etats-Unis;2007;false;Indio;1;0;0;0;0;0;0;0;0;Valley;0;0;0
Hypno5e;France;NA;false;NA;1;0;0;0;0;0;0;0;0;0;Altar;0;0
Hypocrisy;Suède;1990;false;Ludvika;2;0;0;0;0;Main 02;0;0;Altar;0;0;0;0
Iced Earth;Etats-Unis;1988;false;Tampa;1;0;0;Main;0;0;0;0;0;0;0;0;0
Iggy and the Stooges;Etats-Unis;1972;false;Ann Arbor;1;0;0;0;0;0;Main 01;0;0;0;0;0;0
Ignite;Etats-Unis;NA;NA;NA;1;Hard n'Heavy stage;0;0;0;0;0;0;0;0;0;0;0
Igorrr;France;30838;false;NA;1;0;0;0;0;0;0;0;0;0;0;0;Valley
Ihsahn;Norvège;27677;false;Notodden;3;0;0;0;0;Rock Hard tent;0;Temple;Temple;0;0;0;0
Ill Niño;Etats-Unis;1999;false;NA;1;0;0;0;0;0;0;0;0;0;0;0;Main 02
Immolation;Etats-Unis;1986;false;Yonkers;1;0;0;0;Rock Hard tent;0;0;0;0;0;0;0;0
Immortal;Norvège;NA;NA;NA;3;0;Main;0;0;Main 02;0;0;Temple;0;0;0;0
Impaled Nazarene;Finlande;1990-11;false;NA;2;0;0;Discover stage;0;0;0;0;0;Temple;0;0;0
Impiety;Singapour;1990;false;Singapore;1;0;0;0;0;0;0;0;0;Temple;0;0;0
Imply in All;France;1999-08;false;NA;1;0;Discover stage;0;0;0;0;0;0;0;0;0;0
Impureza;Espagne;NA;NA;NA;2;0;Discover stage;0;0;0;Rock Hard tent;0;0;0;0;0;0
In Extremo;Allemagne;1995;false;NA;2;0;0;0;0;0;0;Temple;0;0;Temple;0;0
In Flames;Suède;1990;false;Gothenburg;4;0;0;Main;0;0;Main 02;0;0;0;Main 02;0;Main 02
In Solitude;Suède;2002;true;NA;2;0;0;0;0;0;Terrorizer tent;0;0;Main 02;0;0;0
Incantation;Etats-Unis;NA;false;NA;1;0;0;0;0;0;0;0;0;Altar;0;0;0
Infectious Grooves;Etats-Unis;1990;false;United States;1;0;0;0;0;Main 01;0;0;0;0;0;0;0
Infestus;Allemagne;2003;false;NA;1;0;0;0;0;0;0;0;0;0;Temple;0;0
Inglorious;Angleterre;2014;false;NA;1;0;0;0;0;0;0;0;0;0;0;0;Main 02
Inquisition;"Colombie
";NA;NA;NA;2;0;0;0;0;0;0;0;Temple;0;0;Temple;0
Insanity Alert;Autriche;NA;NA;NA;1;0;0;0;0;0;0;0;0;0;0;0;Warzone
Insomnium;Finlande;1997;false;Joensuu;2;0;0;0;0;0;0;Altar;0;0;0;Altar;0
Integrity;Etats-Unis;NA;NA;NA;2;0;0;0;0;0;0;Warzone;0;0;0;0;Warzone
Interlock;Angleterre;NA;false;NA;1;0;Discover stage;0;0;0;0;0;0;0;0;0;0
Iron Bastards;France;NA;NA;NA;1;0;0;0;0;0;0;0;0;0;0;0;Metal Corner
Iron Maiden;Angleterre;1966;false;NA;1;0;0;0;0;0;0;0;0;Main 01;0;0;0
Iron Reagan;Etats-Unis;40928;false;NA;1;0;0;0;0;0;0;0;0;0;Main 02;0;0
Jambinai;Corée du Sud;NA;NA;NA;1;0;0;0;0;0;0;0;0;0;0;Valley;0
Jane's Addiction;Etats-Unis;1986;false;Los Angeles;1;0;0;0;0;0;0;0;0;0;0;Valley;0
Jarboe;Etats-Unis;NA;false;NA;1;0;0;0;Terrorizer tent;0;0;0;0;0;0;0;0
Jared James Nichols;Etats-Unis;NA;false;NA;1;0;0;0;0;0;0;0;0;0;0;0;Main 02
Jello Biafra and the Guantanamo School of Medicine;Etats-Unis;2008;false;NA;1;0;0;0;0;Terrorizer tent;0;0;0;0;0;0;0
Jesus Cröst;Pays-Bas;1996;true;Rotterdam;1;0;0;0;0;0;0;Altar;0;0;0;0;0
Job for a Cowboy;Etats-Unis;2003-12;false;Glendale;1;0;0;Discover stage;0;0;0;0;0;0;0;0;0
Joe Satriani;Etats-Unis;20651;false;Westbury;1;0;0;0;0;0;0;0;0;0;0;Main 01;0
John Garcia;Etats-Unis;NA;false;NA;1;0;0;0;0;Terrorizer tent;0;0;0;0;0;0;0
Judas Priest;Angleterre;1969;false;Birmingham;2;0;0;0;0;0;Main 01;0;0;0;Main 01;0;0
Justin(e);France;2002-06;false;NA;1;0;0;0;0;0;0;0;Warzone;0;0;0;0
Kadavar;Allemagne;NA;NA;NA;2;0;0;0;0;0;0;0;0;Valley;0;Valley;0
Kaisen;France;NA;NA;NA;1;0;Discover stage;0;0;0;0;0;0;0;0;0;0
Kakothanasy;Suisse;NA;NA;NA;1;0;0;0;0;0;0;0;0;0;0;Metal Corner;0
Kalisia;France;NA;false;NA;1;0;0;0;0;Rock Hard tent;0;0;0;0;0;0;0
Kampfar;Norvège;1994;false;NA;3;0;0;0;0;Rock Hard tent;0;0;Temple;0;0;Temple;0
Karma to Burn;Etats-Unis;1994;false;Morgantown;3;0;0;0;Main 02;0;Terrorizer tent;0;Valley;0;0;0;0
Karma Zero;France;NA;false;NA;1;0;0;0;0;0;0;0;Metal Corner;0;0;0;0
Kataklysm;Canada;1991;false;Montreal;2;0;0;0;Rock Hard tent;0;0;0;0;Altar;0;0;0
Katatonia;Suède;1991;false;Stockholm;3;0;0;Second stage;0;Rock Hard tent;0;0;0;0;0;Altar;0
Kause for Konflikt;France;NA;false;NA;1;0;0;0;0;0;0;0;0;0;Metal Corner;0;0
Keep of Kalessin;Norvège;1994;false;Trondheim;1;0;0;0;Rock Hard tent;0;0;0;0;0;0;0;0
KEN mode;Canada;36413;false;Winnipeg;1;0;0;0;0;0;Terrorizer tent;0;0;0;0;0;0
Khold;Norvège;2000;false;NA;1;0;0;0;0;0;0;0;0;0;Temple;0;0
Kickback;France;NA;false;NA;2;0;Gibson stage;0;Terrorizer tent;0;0;0;0;0;0;0;0
Killers;France;1984;false;NA;1;0;0;0;0;0;0;0;0;Main 01;0;0;0
Killing Joke;Angleterre;1979;false;London;2;0;0;0;Main 02;0;0;0;0;0;Main 02;0;0
Killswitch Engage;Etats-Unis;1999;false;Westfield;1;0;0;0;0;0;0;0;0;0;0;Warzone;0
King Diamond;Danemark;20620;false;NA;2;0;0;0;0;0;0;Main 02;0;0;0;Main 02;0
King Dude;Etats-Unis;NA;false;NA;1;0;0;0;0;0;0;0;0;0;0;Valley;0
Kiss;Etats-Unis;NA;NA;NA;2;0;0;0;0;Main 01;0;0;Main 01;0;0;0;0
Kissin' Dynamite;Allemagne;2006;false;NA;1;0;0;0;0;0;0;0;Main 01;0;0;0;0
Klone;France;NA;NA;NA;2;0;Discover stage;0;0;0;Main 02;0;0;0;0;0;0
KMFDM;Allemagne;30741;false;Paris;1;0;0;0;0;Main 01;0;0;0;0;0;0;0
Knuckledust;Angleterre;1996;false;London;1;Main;0;0;0;Terrorizer tent;0;0;0;0;0;0;0
Knut;Suisse;NA;NA;NA;1;Hard n'Heavy stage;0;0;0;0;Terrorizer tent;0;0;0;0;0;0
Ko?n;Etats-Unis;NA;NA;NA;3;0;0;0;0;0;0;0;Main 02;0;Main 01;Main 02;0
Kobra and the Lotus;Canada;2009;false;Calgary;1;0;0;0;0;0;0;Main 01;0;0;0;0;0
Koldbrann;Norvège;2001;false;NA;1;0;0;0;0;0;0;0;Temple;0;0;0;0
Komintern Sect;France;NA;NA;NA;1;0;0;0;0;0;0;0;0;0;0;0;Warzone
Koritni;Australie;2006;false;NA;2;0;0;0;Main 01;0;0;Main 01;0;0;0;0;0
Korpiklaani;Finlande;2003;false;NA;4;0;Gibson stage;0;0;0;Rock Hard tent;0;Temple;0;0;Temple;0
Kreator;Allemagne;1982;false;NA;4;0;Main;0;0;0;Main 02;0;Main 02;0;0;0;Main 02
Krisiun;Brésil;1990;false;Ijuí;4;0;0;Discover stage;0;0;Rock Hard tent;0;Altar;0;0;0;Altar
Krokus;Suisse;1975;false;Solothurn;1;0;0;0;0;0;0;0;Main 01;0;0;0;0
Kronos;France;1994;false;NA;1;0;0;0;0;0;0;0;0;Altar;0;0;0
Kruger;Suisse;NA;false;NA;2;0;0;Discover stage;0;0;Terrorizer tent;0;0;0;0;0;0
Kvelertak;Norvège;2007;false;Stavanger;2;0;0;0;0;0;0;0;0;Warzone;0;Warzone;0
Kylesa;Etats-Unis;2001;false;Savannah;3;0;0;0;Terrorizer tent;0;Terrorizer tent;0;0;Valley;0;0;0
Kyuss;Etats-Unis;1987;true;Palm Desert;1;0;0;0;0;0;Terrorizer tent;0;0;0;0;0;0
L7;Etats-Unis;1985;true;Los Angeles;1;0;0;0;0;0;0;0;0;0;Main 02;0;0
Lacertilia;NA;NA;NA;NA;1;0;0;0;0;0;0;0;0;0;0;Metal Corner;0
Lamb of God;Etats-Unis;NA;false;NA;2;0;0;0;0;0;0;Main 02;0;0;Main 02;0;0
Landmvrks;France;NA;NA;NA;1;0;0;0;0;0;0;0;0;0;0;Metal Corner;0
Last Days of Humanity;Pays-Bas;1989;false;Noord-Brabant;1;0;0;0;0;0;Rock Hard tent;0;0;0;0;0;0
Last Resort;Angleterre;NA;false;NA;1;0;0;0;0;0;0;0;0;Warzone;0;0;0
Lasting Values;France;NA;NA;NA;1;0;0;0;0;0;0;Warzone;0;0;0;0;0
Lasting Values;France;NA;false;NA;1;0;0;0;0;0;0;Warzone;0;0;0;0;0
Le Bal des Enragés;France;40018;false;Ille-et-Vilaine;2;0;0;0;0;0;0;0;Warzone;0;0;Main 02;0
Leather Priest;France;NA;false;NA;1;0;0;0;0;0;0;0;0;0;Metal Corner;0;0
Lecherous Gaze;Etats-Unis;NA;false;NA;1;0;0;0;0;0;0;0;0;0;0;Valley;0
Leeway;Etats-Unis;1984;true;NA;1;Hard n'Heavy stage;0;0;0;0;0;0;0;0;0;0;0
Leftöver Crack;Etats-Unis;NA;NA;NA;1;0;0;0;0;0;0;0;0;0;0;0;Warzone
Legion of the Damned;Pays-Bas;2005;false;Venlo;1;0;0;Second stage;0;0;0;0;0;0;0;0;0
Leng Tch'e;Belgique;2001;false;Ghent;1;0;0;0;0;0;0;0;0;0;Altar;0;0
Leprous;Norvège;2001;false;NA;1;0;0;0;0;0;0;0;Temple;0;0;0;0
Les Ramoneurs de Menhirs;France;2006-07;false;NA;2;0;0;0;0;0;0;0;0;0;Warzone;0;Warzone
Les Sales Majestés;France;1990;false;NA;1;0;0;0;0;0;0;0;0;0;0;Warzone;0
L'Esprit du Clan;France;1995;false;NA;1;0;0;0;0;0;0;Main 02;0;0;0;0;0
Lez Zeppelin;Etats-Unis;2004;false;New York;1;0;0;0;0;0;0;0;0;Main 01;0;0;0
Life of Agony;Etats-Unis;1989;true;Brooklyn;1;0;0;0;0;0;0;0;0;0;Valley;0;0
Limp Bizkit;Etats-Unis;1994;false;Jacksonville;1;0;0;0;0;0;0;0;0;0;Main 01;0;0
Linkin Park;Etats-Unis;1996;false;Agoura Hills;1;0;0;0;0;0;0;0;0;0;0;0;Main 01
Lion's Law;France;2012;false;Paris;1;0;0;0;0;0;0;0;0;0;Warzone;0;0
Liturgy;Etats-Unis;2003;false;NA;1;0;0;0;0;0;0;Temple;0;0;0;0;0
Lizzy Borden;Etats-Unis;23185;false;NA;1;0;0;0;0;0;0;Main 01;0;0;0;0;0
Lock Up;Angleterre;NA;NA;NA;1;0;0;0;0;0;0;Altar;0;0;0;0;0
Locus;Angleterre;NA;false;NA;1;Main;0;0;0;0;0;0;0;0;0;0;0
Lofofora;France;1989;false;NA;1;0;0;0;0;0;0;0;0;Main 01;0;0;0
Lordi;Finlande;1996;false;NA;1;0;0;0;0;0;0;0;Main 02;0;0;0;0
Los Disitentes del Sucio Motel;France;2005;false;Strasbourg;1;0;0;0;0;0;0;0;0;0;0;0;Valley
Lost Society;Finlande;NA;NA;NA;1;0;0;0;0;0;0;0;0;0;Main 02;0;0
Loudblast;France;1986;false;NA;2;0;0;0;0;Rock Hard tent;0;0;0;Altar;0;0;0
Loudness;Japon;NA;NA;NA;1;0;0;0;0;0;0;0;0;0;0;Main 01;0
Lowrider;Suède;NA;NA;NA;1;0;0;0;0;0;0;0;0;Valley;0;0;0
Ludwig von 88;France;1983;false;NA;1;0;0;0;0;0;0;0;0;0;0;Warzone;0
Lynyrd Skynyrd;Etats-Unis;1964;false;Jacksonville;1;0;0;0;0;0;0;Main 01;0;0;0;0;0
Lyzanxia;France;1996;false;NA;2;0;Gibson stage;0;0;0;Main 02;0;0;0;0;0;0
M.O.D.;Etats-Unis;NA;NA;NA;1;0;0;0;0;0;0;0;0;Main 02;0;0;0
Machete;France;NA;false;NA;1;0;0;0;0;0;0;0;0;0;Valley;0;0
Machine Head;Etats-Unis;NA;NA;NA;3;0;Main;0;Main 01;0;0;Main 02;0;0;0;0;0
Mad Sin;Allemagne;1987;false;Berlin;2;Main;0;0;Main 02;0;0;0;0;Warzone;0;0;0
Madball;Etats-Unis;1988;false;New York;3;Main;0;Second stage;0;0;0;Warzone;0;0;Warzone;0;0
Magma;France;NA;NA;NA;1;0;0;0;0;0;0;0;0;0;0;Valley;0
Magrudergrind;Etats-Unis;2002;false;NA;1;0;0;0;0;Terrorizer tent;0;0;0;0;0;0;0
Malevolent Creation;Etats-Unis;1987;false;NA;1;0;0;0;0;0;Rock Hard tent;0;0;0;0;0;0
Malkavian;France;NA;NA;NA;1;0;0;0;0;0;0;0;0;0;Metal Corner;0;0
Manigance;France;1995;false;NA;1;0;Gibson stage;0;0;0;0;0;0;0;0;0;0
Manilla Road;Etats-Unis;1977;false;Wichita;1;0;0;0;0;0;0;0;Valley;0;0;0;0
Manowar;Etats-Unis;1980;false;Auburn;1;0;0;0;Main 01;0;0;0;0;0;0;0;0
Mantar;Allemagne;NA;false;NA;1;0;0;0;0;0;0;0;0;0;0;Valley;0
Mantra;France;NA;NA;NA;1;0;0;0;0;0;0;0;0;0;0;0;Metal Corner
Marduk;Suède;NA;NA;NA;4;0;0;Discover stage;0;Rock Hard tent;0;0;Temple;0;0;0;Temple
Marilyn Manson;Etats-Unis;25208;false;Canton;2;0;0;0;Main 01;0;0;0;0;0;Main 02;0;0
Mars Red Sky;France;2007;false;Bordeaux;2;0;0;0;0;0;0;0;0;Valley;0;0;Valley
Mass Hysteria;France;NA;false;NA;3;0;0;0;0;Main 01;0;0;Main 02;0;0;Main 02;0
Mastodon;Etats-Unis;1999;false;Atlanta;3;0;Main;0;Main 02;0;0;0;0;0;Valley;0;0
Matt Socks;NA;NA;false;NA;1;0;0;0;0;0;0;0;0;0;Metal Corner;0;0
Maximum the Hormone;Japon;1998;false;NA;1;0;0;0;0;0;Main 02;0;0;0;0;0;0
Mayhem;Norvège;NA;NA;NA;3;0;0;Second stage;0;0;Rock Hard tent;0;0;0;Temple;0;0
Megadeth;Etats-Unis;1983-06;false;Los Angeles;3;0;Main;0;0;0;0;Main 01;0;0;0;Main 01;0
Mekong Delta;Allemagne;1985;false;NA;1;0;0;0;0;0;Main 02;0;0;0;0;0;0
Melechesh;Pays-Bas;1993;false;Israel;2;0;0;0;Rock Hard tent;0;0;0;0;0;Temple;0;0
Melvins;Etats-Unis;1983;false;Montesano;2;0;0;0;0;0;Terrorizer tent;0;0;0;0;Valley;0
Merauder;Etats-Unis;1990;false;Brooklyn;1;0;0;0;0;0;0;0;0;0;Warzone;0;0
Mercyless;France;NA;NA;NA;1;0;0;0;0;0;0;0;0;Altar;0;0;0
Merrimack;France;1994;false;NA;1;0;0;0;0;0;0;Temple;0;0;0;0;0
Meshuggah;Suède;1987;false;Umeå;3;0;0;Main;0;0;Main 02;0;0;0;Altar;0;0
Metal Church;Etats-Unis;1984;false;San Francisco;1;0;0;0;0;0;0;0;0;0;0;0;Altar
Mgla;Pologne;2000;false;Kraków;1;0;0;0;0;0;0;0;0;0;0;Temple;0
Midnight Ghost Train;Etats-Unis;2008;false;Buffalo;1;0;0;0;0;0;0;0;0;0;Valley;0;0
Millencolin;Suède;33889;false;Örebro;1;0;0;0;0;0;0;0;0;Warzone;0;0;0
Ministry;Etats-Unis;1981;false;Chicago;2;0;0;Second stage;0;0;0;0;0;0;0;0;Main 01
Misanthrope;France;NA;NA;NA;2;0;0;Main;0;0;0;0;Altar;0;0;0;0
Misconduct;Suède;NA;false;NA;1;0;0;0;0;0;0;0;0;Warzone;0;0;0
Misery Index;Etats-Unis;2001;false;Baltimore;3;0;Gibson stage;0;Rock Hard tent;0;0;0;Altar;0;0;0;0
Misfits;Etats-Unis;1977-02;false;Lodi;2;0;0;0;Main 02;0;0;0;0;Warzone;0;0;0
Miss May I;Etats-Unis;2007;false;Troy;1;0;0;0;0;0;0;0;0;Main 02;0;0;0
Mistaken Element;France;1998;false;NA;1;0;Discover stage;0;0;0;0;0;0;0;0;0;0
Mobutu;France;NA;false;NA;1;0;0;0;0;0;0;0;0;0;Metal Corner;0;0
Moho;Espagne;2003;false;Madrid;1;0;Discover stage;0;0;0;0;0;0;0;0;0;0
Molly Hatchet;Etats-Unis;1975;false;Jacksonville;1;0;0;0;0;0;0;Main 01;0;0;0;0;0
Monarch!;France;NA;NA;NA;1;0;0;0;0;0;0;0;0;0;Valley;0;0
Monarque;Canada;2003;false;NA;2;0;0;0;0;Terrorizer tent;0;0;0;0;0;0;Temple
Mondo Generator;Etats-Unis;1997;false;Van Nuys;1;0;0;0;0;Terrorizer tent;0;0;0;0;0;0;0
Monkey 3;Suisse;2001;false;Lausanne;3;0;0;0;0;Terrorizer tent;0;Valley;0;0;0;0;Valley
Monolithe;France;2001;false;NA;1;0;0;0;0;0;0;0;0;0;0;0;Temple
Monolord;Suède;2013;false;Gothenburg;1;0;0;0;0;0;0;0;0;0;0;Valley;0
Monster Magnet;Etats-Unis;1989;false;Red Bank;3;0;0;0;0;0;Terrorizer tent;0;0;Valley;0;0;Valley
Monstrosity;Etats-Unis;1990;false;NA;1;0;0;0;0;0;0;0;Altar;0;0;0;0
Moonreich;France;2008;false;Paris;1;0;0;0;0;0;0;0;0;0;0;Temple;0
Moonsorrow;Finlande;1995;false;Helsinki;3;0;0;0;Rock Hard tent;0;0;Temple;0;0;0;Temple;0
Moonspell;Portugal;1992;false;Amadora;3;0;Gibson stage;0;Rock Hard tent;0;0;0;Altar;0;0;0;0
Morbid Angel;Etats-Unis;1983;false;Tampa;3;0;0;Second stage;0;0;Main 02;0;Altar;0;0;0;0
Morgoth;Allemagne;NA;false;NA;2;0;0;0;0;0;Rock Hard tent;0;0;0;Altar;0;0
Morne;Etats-Unis;2005;false;NA;1;0;0;0;0;0;Terrorizer tent;0;0;0;0;0;0
Mortuary;France;2010;false;NA;1;0;0;0;0;0;0;0;0;0;0;0;Altar
Mos Generator;Etats-Unis;2000;false;Port Orchard;1;0;0;0;0;0;0;0;0;Valley;0;0;0
Most Precious Blood;Etats-Unis;2000;false;NA;1;Hard n'Heavy stage;0;0;0;0;0;0;0;0;0;0;0
Motionless in White;Etats-Unis;2005;false;Scranton;2;0;0;0;0;0;0;0;0;0;Main 02;0;Main 01
Mötley Crüe;Etats-Unis;29603;true;Los Angeles;2;0;0;0;Main 01;0;0;Main 01;0;0;0;0;0
Motor Mammoth;Allemagne;NA;NA;NA;1;0;0;0;0;0;0;0;0;0;0;Metal Corner;0
Motörhead;Angleterre;1975-06;true;London;3;Main;0;Main;0;Main 01;0;0;0;0;Main 01;0;0
Mr. Big;Etats-Unis;1988;false;Los Angeles;1;0;0;0;0;0;Main 01;0;0;0;0;0;0
Mumakil;Suisse;2004;false;NA;1;0;Gibson stage;0;0;0;0;0;0;0;0;0;0
Municipal Waste;Etats-Unis;2000;false;Richmond;3;0;0;Second stage;0;0;Main 02;0;0;0;0;Main 01;0
MurDuM;France;NA;false;NA;1;Hard n'Heavy stage;0;0;0;0;0;0;0;0;0;0;0
Mustasch;Suède;1998;false;Gothenburg;1;0;0;0;0;0;0;0;Main 01;0;0;0;0
Mütiilation;France;1991;false;NA;1;0;0;0;0;0;0;0;0;0;Temple;0;0
My Dying Bride;Angleterre;1990-06;false;NA;3;0;0;Second stage;0;Rock Hard tent;0;0;Altar;0;0;0;0
My Sleeping Karma;Allemagne;2006;false;Aschaffenburg;2;0;0;0;0;0;Terrorizer tent;0;Valley;0;0;0;0
Myrath;Tunisie;2006;false;NA;1;0;0;0;0;0;0;0;0;0;0;0;Main 02
Myrkur;Danemark;31053;false;Copenhagen;1;0;0;0;0;0;0;0;0;0;0;Temple;0
Nails;Etats-Unis;NA;false;NA;1;0;0;0;0;0;0;0;0;0;0;0;Altar
Napalm Death;Angleterre;1982;false;Meriden;5;0;Gibson stage;0;Rock Hard tent;0;0;Altar;Altar;0;0;Altar;0
Nashville Pussy;Etats-Unis;1996;false;Atlanta;2;0;0;0;Main 01;0;0;0;0;0;0;Main 02;0
Nasty;Belgique;NA;NA;NA;2;0;0;0;0;0;Terrorizer tent;0;0;Warzone;0;0;0
Nasum;Suède;1992;true;Örebro;1;0;0;0;0;0;0;Altar;0;0;0;0;0
Ne Obliviscaris;Australie;2003;false;NA;1;0;0;0;0;0;0;0;0;0;Altar;0;0
Necroblood;France;2010;false;NA;1;0;0;0;0;0;0;0;0;Temple;0;0;0
Necrophagia;Etats-Unis;1986;false;NA;1;0;0;0;0;0;0;Altar;0;0;0;0;0
Necrophagist;Allemagne;1992;false;NA;2;0;0;Discover stage;0;Rock Hard tent;0;0;0;0;0;0;0
Necros Christos;Allemagne;2001;false;NA;1;0;0;0;0;0;0;Temple;0;0;0;0;0
Necrowretch;France;2008;false;NA;1;0;0;0;0;0;0;0;0;0;Altar;0;0
Nefarium;Italie;NA;false;NA;1;0;0;0;0;0;0;0;0;Temple;0;0;0
Negative Approach;Etats-Unis;1981;true;Detroit;1;0;0;0;0;0;0;0;Warzone;0;0;0;0
Negur? Bunget;Roumanie;1995;false;Timi?oara;1;0;0;0;0;Terrorizer tent;0;0;0;0;0;0;0
Neurosis;Etats-Unis;NA;NA;NA;1;0;0;0;0;0;0;0;Valley;0;0;0;0
Neurosis;Etats-Unis;1987;false;NA;2;0;Gibson stage;0;0;0;0;0;0;Valley;0;0;0
Nevermore;Etats-Unis;1991;true;Seattle;1;0;0;0;0;Main 02;0;0;0;0;0;0;0
Newsted;Etats-Unis;2012;false;NA;1;0;0;0;0;0;0;0;Main 01;0;0;0;0
Nidingr;Norvège;1992;false;Horten;1;0;0;0;0;0;0;0;0;0;Temple;0;0
Nightmare;France;1999;false;Medellín;3;Main;0;Discover stage;0;0;0;0;0;Main 01;0;Main 02;0
Nightwish;Finlande;1996-07;false;Kitee;1;0;0;0;0;0;0;0;0;0;Main 02;0;0
Nile;Etats-Unis;25610;false;NA;2;Hard n'Heavy stage;0;0;0;Rock Hard tent;0;0;0;Altar;0;0;0
No Jogging for Today;France;NA;false;NA;1;0;0;0;0;0;0;0;0;Metal Corner;0;0;0
No One Is Innocent;France;NA;false;NA;1;0;0;0;0;0;0;0;0;0;0;Main 01;0
No Return;France;1989;false;NA;1;0;0;0;0;0;0;0;0;0;Main 02;0;0
No Turning Back;Pays-Bas;NA;NA;NA;1;0;0;0;0;0;0;0;0;0;0;0;Warzone
Nocturnus A.D.;Etats-Unis;NA;false;NA;1;0;0;0;0;0;0;0;0;Altar;0;0;0
NOFX;Etats-Unis;1983;false;Los Angeles;3;0;0;Main;0;0;0;0;Warzone;0;Warzone;0;0
Noothgrush;Etats-Unis;1994;false;NA;1;0;0;0;0;0;0;0;0;0;0;0;Valley
Northlane;Australie;2009;false;NA;1;0;0;0;0;0;0;0;0;0;0;0;Main 01
Nostromo;Suisse;NA;NA;NA;1;0;0;0;0;0;0;0;0;0;0;0;Altar
Nuclear Assault;Etats-Unis;1985;false;NA;1;0;0;0;0;0;0;0;0;0;Main 02;0;0
Nympherno;NA;NA;NA;NA;1;0;0;0;0;0;0;Metal Corner;0;0;0;0;0
Obituary;Etats-Unis;NA;false;NA;4;Main;0;Second stage;0;0;0;Altar;0;0;Altar;0;Altar
Obliteration;Norvège;2001;false;Kolbotn;1;0;0;0;0;0;0;0;0;Altar;0;0;0
Obscura;Allemagne;2002;false;NA;1;0;0;0;0;Rock Hard tent;0;0;0;0;0;0;0
October File;Angleterre;2004;false;NA;1;0;0;0;0;0;0;Warzone;0;0;0;0;0
Of Mice and Men;Etats-Unis;2009;false;Columbus;2;0;0;0;0;0;0;0;0;Main 02;0;0;Main 02
Off!;Etats-Unis;NA;NA;NA;1;0;0;0;0;0;0;0;0;0;Warzone;0;0
Offending;France;2002;false;NA;1;0;0;0;Rock Hard tent;0;0;0;0;0;0;0;0
Okkultokrati;Norvège;2008;false;NA;1;0;0;0;0;0;0;0;0;0;0;0;Valley
Old Dead Tree;France;35479;true;NA;2;0;0;Main;0;0;0;0;Altar;0;0;0;0
Omega Massif;Allemagne;2005-09;true;Würzburg;1;0;0;0;0;Terrorizer tent;0;0;0;0;0;0;0
Onslaught;Angleterre;NA;NA;NA;1;0;0;0;0;0;0;0;0;0;Altar;0;0
Opeth;Suède;1990;false;Stockholm;4;Hard n'Heavy stage;0;Main;0;0;Main 02;0;0;Altar;0;0;Altar
Opium du Peuple;France;NA;false;NA;1;0;0;0;0;0;0;0;0;0;Metal Corner;0;0
Orakle;France;NA;false;NA;1;0;0;0;Rock Hard tent;0;0;0;0;0;0;0;0
Orange Goblin;Angleterre;1995;false;London;3;0;0;0;Terrorizer tent;0;0;Valley;0;0;Valley;0;0
Oranssi Pazuzu;Finlande;2007;false;NA;1;0;0;0;0;0;0;Temple;0;0;0;0;0
Orchid;Etats-Unis;NA;false;NA;1;0;0;0;0;0;0;0;0;0;Valley;0;0
Origin;Etats-Unis;NA;NA;NA;1;0;0;Discover stage;0;0;0;0;0;0;0;0;0
Orphaned Land;Israël;1991;false;Petah Tikva;2;Main;0;0;0;0;Main 02;0;0;0;0;Main 02;0
Orthodox;Etats-Unis;NA;NA;NA;1;0;Discover stage;0;0;0;0;0;0;0;0;0;0
Otargos;France;2001;false;NA;2;0;0;0;0;Rock Hard tent;0;0;0;0;0;Temple;0
Outlaw Order;Etats-Unis;2003;true;New Orleans;1;0;0;0;Main 02;0;0;0;0;0;0;0;0
Overkill;Etats-Unis;NA;false;NA;1;0;0;0;0;0;0;0;0;0;0;Altar;0
Ozzy & Friends;Angleterre;NA;NA;NA;2;0;0;0;0;0;Main 01;Main 01;0;0;0;0;0
P.O.D.;Etats-Unis;NA;false;NA;1;0;0;0;0;0;0;0;Main 02;0;0;0;0
Pain;Suède;1996;false;NA;1;0;0;0;Main 02;0;0;0;0;0;0;0;0
Pain of Salvation;Suède;1991;false;Eskilstuna;4;0;Main;0;Main 02;0;Main 02;0;0;0;0;0;Altar
Pallbearer;Etats-Unis;2008;false;NA;1;0;0;0;0;0;0;0;Valley;0;0;0;0
Panik;Allemagne;NA;NA;NA;1;Hard n'Heavy stage;0;0;0;0;0;0;0;0;0;0;0
Papa Roach;Etats-Unis;1993;false;Vacaville;2;0;0;0;Main 01;0;0;0;Main 02;0;0;0;0
Paradise Lost;Angleterre;NA;NA;NA;3;0;0;Main;0;0;0;0;0;Altar;0;Altar;0
Parkway Drive;Australie;2003;false;Byron Bay;2;0;0;0;Terrorizer tent;0;0;0;Main 02;0;0;0;0
Pentagram;Etats-Unis;NA;NA;NA;2;0;0;0;0;0;0;Valley;0;0;0;0;Valley
Perturbator;France;NA;false;NA;1;0;0;0;0;0;0;0;0;0;0;0;Temple
Pestilence;Pays-Bas;NA;NA;NA;1;0;0;0;Rock Hard tent;0;0;0;0;0;0;0;0
Peter and the Test Tube Babies;Angleterre;1978;false;NA;1;0;0;0;0;0;0;0;0;0;Warzone;0;0
Phil Anselmo and the Illegals;Etats-Unis;2011;false;NA;1;0;0;0;0;0;0;0;0;Valley;0;0;0
Phil Campbell and the Bastards Sons;Pays de Galles;NA;false;NA;1;0;0;0;0;0;0;0;0;0;0;0;Main 01
Pictured;France;NA;NA;NA;1;0;0;0;0;0;0;0;Metal Corner;0;0;0;0
Pig Destroyer;Etats-Unis;1997;false;Alexandria;2;0;0;0;Terrorizer tent;0;0;0;Altar;0;0;0;0
Porcupine Tree;Angleterre;1987;true;Hemel Hempstead;1;0;0;Main;0;0;0;0;0;0;0;0;0
Possessed;Etats-Unis;NA;NA;NA;1;0;0;0;0;0;Rock Hard tent;0;0;0;0;0;0
Power Trip;Etats-Unis;NA;false;NA;1;0;0;0;0;0;0;0;0;0;0;Warzone;0
Powerman 5000;Etats-Unis;1989;false;Boston;1;0;0;0;0;0;0;0;0;Main 01;0;0;0
Powerwolf;Allemagne;2003;false;NA;2;0;0;0;0;0;0;0;0;Main 02;0;0;Main 02
Pretty Maids;Danemark;1981;false;Horsens;2;0;0;0;0;Main 01;0;0;0;0;0;0;Main 02
Primal Age;France;NA;false;NA;1;0;Discover stage;0;0;0;0;0;0;0;0;0;0
Primal Fear;Allemagne;1997;false;Esslingen am Neckar;1;0;0;0;0;Main 01;0;0;0;0;0;0;0
Primitive Man;Etats-Unis;2012-02;false;Denver;1;0;0;0;0;0;0;0;0;0;0;0;Temple
Primordial;Irlande;1987;false;Skerries;4;0;0;Discover stage;0;0;Rock Hard tent;0;Temple;0;0;Temple;0
Primus;Etats-Unis;NA;NA;NA;1;0;0;0;0;0;0;0;0;0;0;0;Valley
Procession;Chili;NA;NA;NA;1;0;0;0;0;0;0;0;Valley;0;0;0;0
Prong;Etats-Unis;1986;false;New York;2;0;0;0;0;0;0;0;Main 02;0;0;0;Main 02
Pro-Pain;Etats-Unis;1992;false;NA;1;0;0;0;0;0;0;0;0;Warzone;0;0;0
Prophets of Rage;Etats-Unis;NA;false;NA;1;0;0;0;0;0;0;0;0;0;0;0;Main 01
Prostitute Disfigurement;Pays-Bas;2001;false;NA;1;Main;0;0;0;0;0;0;0;0;Altar;0;0
Protest the Hero;Canada;1999;false;Whitby;1;0;0;0;0;0;0;0;0;Warzone;0;0;0
Providence;France;NA;false;NA;2;0;0;0;Terrorizer tent;0;0;0;0;0;Warzone;0;0
Punish Yourself;France;1993-09;false;NA;2;0;0;Discover stage;0;0;0;0;Warzone;0;0;0;0
Puscifer;Etats-Unis;1995;false;NA;1;0;0;0;0;0;0;0;0;0;0;Valley;0
Putrid Offal;France;1991;false;Douchy-les-Mines;1;0;0;0;0;0;0;0;0;0;0;0;Altar
Queensrÿche;Etats-Unis;1981;false;Bellevue;2;0;0;0;Main 01;0;0;0;0;0;0;0;Main 02
Radical Failure;France;NA;NA;NA;1;0;0;0;0;0;0;0;0;0;0;Metal Corner;0
Raintime;Italie;1999;false;NA;1;0;0;Discover stage;0;0;0;0;0;0;0;0;0
Raised Fist;Suède;1993;false;Luleå;1;Main;0;0;0;0;0;0;0;0;0;0;0
Ramesses;Angleterre;2003;true;NA;1;0;0;0;0;0;0;0;0;0;0;Valley;0
Rammstein;Allemagne;1994-01;false;Berlin;1;0;0;0;0;0;0;0;0;0;0;Main 01;0
Rancid;Etats-Unis;NA;NA;NA;1;0;0;0;0;0;0;0;0;0;0;0;Warzone
Ratos de Porão;Brésil;1980;false;São Paulo;1;0;0;0;0;0;0;0;0;0;0;Warzone;0
Raven;Angleterre;1968;true;Buffalo;1;0;0;0;0;Main 02;0;0;0;0;0;0;0
RavenEye;Angleterre;2014-05;false;Milton Keynes;1;0;0;0;0;0;0;0;0;0;0;Main 01;0
Raw Power;Italie;NA;false;NA;1;0;0;0;0;0;Terrorizer tent;0;0;0;0;0;0
Ray Brower;Ecosse;40617;false;Aberdeen;2;0;0;0;0;0;0;0;0;0;0;Metal Corner;Main 02
Red Fang;Etats-Unis;2005;false;Portland;4;0;0;0;0;0;Terrorizer tent;0;Valley;0;Main 01;0;Valley
Red Mourning;France;NA;false;NA;1;0;0;Discover stage;0;0;0;0;0;0;0;0;0
Refused;Suède;1992;false;Umeå;2;0;0;0;0;0;0;Warzone;0;0;0;Warzone;0
Regarde les hommes tomber;France;2011;false;NA;2;0;0;0;0;0;0;0;Valley;0;0;0;Temple
Repulsion;Etats-Unis;1989;true;NA;2;0;0;0;Rock Hard tent;0;0;0;0;Altar;0;0;0
Retox;Etats-Unis;2010;false;California;1;0;0;0;0;0;0;0;Warzone;0;0;0;0
Ringworm;Etats-Unis;NA;false;NA;1;Hard n'Heavy stage;0;0;0;0;0;0;0;0;0;0;0
Rise And Fall;Belgique;2002;false;Ghent;1;Hard n'Heavy stage;0;0;0;0;0;0;0;0;0;0;0
Rise of the Northstar;France;2008;false;Paris;1;0;0;0;0;0;0;0;0;0;Warzone;0;0
Rival Sons;Etats-Unis;2008;false;Long Beach;1;0;0;0;0;0;0;0;0;0;0;Valley;0
Riverside;Pologne;NA;false;NA;1;0;0;0;0;0;0;0;Main 02;0;0;0;0
Rob Zombie;Etats-Unis;23754;false;Haverhill;3;0;0;0;0;0;Main 01;0;0;Main 01;0;0;Main 01
Rompeprop;Pays-Bas;NA;false;NA;1;0;0;0;0;0;0;Altar;0;0;0;0;0
Rose Tattoo;Australie;1976;false;Sydney;1;0;0;Main;0;0;0;0;0;0;0;0;0
Rotten Sound;Finlande;1993;false;NA;1;0;0;Discover stage;0;0;0;0;0;0;0;0;0
Rotting Christ;Grèce;1987;false;Athens;2;0;0;Discover stage;0;0;0;0;Temple;0;0;0;0
Royal Thunder;Etats-Unis;2004;false;Atlanta;1;0;0;0;0;0;0;0;0;Valley;0;0;0
Ruins of Beverast;Allemagne;2003;false;NA;1;0;0;0;0;0;0;0;0;Temple;0;0;0
Russian Circles;Etats-Unis;2004;false;Chicago;1;0;0;0;0;0;0;0;0;0;Valley;0;0
Rwake;Etats-Unis;1996;false;Little Rock;1;0;0;0;0;Terrorizer tent;0;0;0;0;0;0;0
Sabaton;Suède;1999;false;Falun;3;0;0;0;0;Main 02;0;0;0;Main 01;0;0;Main 02
Sacred Reich;Etats-Unis;1985;false;NA;3;0;0;0;Rock Hard tent;0;0;Main 02;0;0;0;Altar;0
Sadist;Italie;NA;NA;NA;2;0;0;0;0;Rock Hard tent;0;0;0;0;0;Altar;0
Saint Vitus;Etats-Unis;1980;false;Los Angeles;3;0;0;0;Main 02;0;0;Valley;0;0;Valley;0;0
Salem;Etats-Unis;NA;NA;NA;1;0;Gibson stage;0;0;0;0;0;0;0;0;0;0
Samael;Suisse;NA;NA;NA;2;0;0;0;Rock Hard tent;0;0;0;0;0;Temple;0;0
Samsara Blues Experiment;Allemagne;2007;false;Berlin;1;0;0;0;0;0;0;0;0;0;Valley;0;0
Sanctuary;Etats-Unis;NA;false;NA;1;0;0;0;0;0;0;0;0;0;0;0;Altar
Satan;Angleterre;NA;NA;NA;1;0;0;0;0;0;0;0;0;Main 01;0;0;0
Satan Jokers;France;1981-12;false;NA;1;0;0;0;Main 01;0;0;0;0;0;0;0;0
Satan's Satyrs;Etats-Unis;2009;false;NA;1;0;0;0;0;0;0;0;0;Valley;0;0;0
Satyricon;Norvège;NA;false;NA;3;Main;0;Second stage;0;0;0;Temple;0;0;Temple;0;0
Saviours;Etats-Unis;2004;false;Oakland;1;0;0;0;0;Terrorizer tent;0;0;0;0;0;0;0
Saxon;Angleterre;1976;false;Barnsley;3;Main;0;0;0;Main 01;0;0;Main 01;0;0;0;Main 02
Scarve;France;1994;false;NA;1;0;Gibson stage;0;0;0;0;0;0;0;0;0;0
Schirenc;Autriche;NA;false;NA;1;0;0;0;0;0;0;0;0;Altar;0;0;0
Scorpion Child;Etats-Unis;2006;false;Austin;1;0;0;0;0;0;0;0;0;Main 02;0;0;0
Scorpions;Allemagne;NA;NA;NA;2;0;0;0;0;0;Main 01;0;0;0;Main 01;0;0
Scour;Etats-Unis;NA;false;NA;1;0;0;0;0;0;0;0;0;0;0;0;Temple
Sebastian Bach;Canada;NA;NA;NA;1;0;0;0;0;0;0;Main 01;0;0;0;0;0
Secrets of the Moon;Allemagne;1995;false;NA;1;0;Gibson stage;0;0;0;0;0;0;0;0;0;0
Seether;Afrique du Sud;2002;false;NA;1;0;0;0;0;0;0;0;0;Main 01;0;0;0
Senser;Angleterre;1989;false;London;1;0;0;0;0;0;0;0;Warzone;0;0;0;0
Septic Flesh;Grèce;2013;false;NA;3;0;0;Discover stage;0;0;Rock Hard tent;0;0;Altar;0;0;0
Sepultura;Brésil;1984;false;Belo Horizonte;2;0;0;0;0;Main 01;0;0;0;Main 02;0;0;0
Seth;France;NA;NA;NA;1;0;0;0;0;0;0;0;Temple;0;0;0;0
Severe Torture;Pays-Bas;1997;false;NA;1;0;0;0;0;0;Rock Hard tent;0;0;0;0;0;0
Shai Hulud;Etats-Unis;1995;false;Pompano Beach;2;0;0;Discover stage;0;0;Terrorizer tent;0;0;0;0;0;0
Shape of Despair;Finlande;1998;false;Helsinki;1;0;0;0;0;0;0;0;0;0;Altar;0;0
Shark Tank;Allemagne;NA;NA;NA;1;0;0;0;0;0;0;0;0;0;0;Metal Corner;0
Shinedown;Etats-Unis;2001;false;Jacksonville;1;0;0;0;0;0;0;0;0;0;0;Main 01;0
Shining;Norvège;1999;false;Oslo;1;0;0;0;0;0;0;0;0;0;Temple;0;0
Shining;Norvège;1999;false;Oslo;3;0;0;Discover stage;0;0;0;Temple;0;Temple;0;0;0
Showtime;France;NA;false;NA;1;0;0;0;0;0;0;0;0;Metal Corner;0;0;0
SHVPES;Angleterre;39814;false;NA;1;0;0;0;0;0;0;0;0;0;0;0;Main 02
Sick of It All;Etats-Unis;1986;false;New York;4;0;0;Main;0;Main 02;0;0;Warzone;0;0;Main 02;0
Sick of Stupidity;Pays-Bas;2015-03;false;NA;1;0;0;0;0;0;0;0;0;0;0;0;Altar
Sidilarsen;France;1997;false;Toulouse;1;0;0;0;0;0;0;0;0;0;0;0;Main 01
Sigh;Japon;NA;false;NA;1;0;0;0;0;Terrorizer tent;0;0;0;0;0;0;0
Sinister;Pays-Bas;NA;NA;NA;1;0;0;0;0;0;0;0;Altar;0;0;0;0
Six Feet Under;Etats-Unis;1993;false;Tampa;1;0;0;0;0;0;0;0;Altar;0;0;0;0
Sixx:A.M.;Etats-Unis;NA;NA;NA;1;0;0;0;0;0;0;0;0;0;0;Main 01;0
Skálmöld;Islande;2009-08;false;Reykjavík;1;0;0;0;0;0;0;0;0;0;0;Temple;0
Skeletal Remains;Etats-Unis;2011;false;NA;1;0;0;0;0;0;0;0;0;0;0;Altar;0
Skepticism;Finlande;1991;false;Riihimäki;1;0;0;0;0;0;0;0;0;0;0;0;Temple
Skid Row;Etats-Unis;NA;NA;NA;1;0;0;0;0;0;0;0;0;Main 01;0;0;0
Skindred;Pays de Galles;1998;false;Newport;2;0;0;0;0;0;0;0;Main 02;0;0;0;Main 02
Skinless;Etats-Unis;1992;false;NA;2;0;0;0;Rock Hard tent;0;0;0;0;0;Altar;0;0
Skyclad;Angleterre;1990;false;Newcastle upon Tyne;1;0;0;0;0;0;0;0;0;Temple;0;0;0
Skyforger;Lettonie;1995;false;NA;2;0;0;0;0;0;Rock Hard tent;0;0;0;Temple;0;0
Slapshot;Etats-Unis;1985;false;Boston;1;0;0;0;0;0;0;0;0;Warzone;0;0;0
Slash;Angleterre;NA;false;NA;3;0;0;0;0;Main 01;0;Main 02;0;0;Main 01;0;0
Slayer;Etats-Unis;NA;NA;NA;6;0;Main;Main;0;Main 02;0;0;0;Main 02;0;Main 01;Main 02
Sleep;Etats-Unis;NA;NA;NA;1;0;0;0;0;0;0;0;Valley;0;0;0;0
Slipknot;Etats-Unis;NA;false;NA;1;0;0;0;0;0;0;0;0;0;Main 02;0;0
Slit;Malte;NA;false;NA;1;0;Discover stage;0;0;0;0;0;0;0;0;0;0
Slo Burn;Etats-Unis;1996;true;Palm Desert;1;0;0;0;0;0;0;0;0;0;0;0;Valley
Slydigs;Angleterre;NA;false;NA;1;0;0;0;0;0;0;0;0;0;0;0;Main 02
Sna-fu *aka* Grand Désordre Orchestre;France;NA;NA;NA;1;Hard n'Heavy stage;0;0;0;0;0;0;0;0;0;0;0
Snot;Etats-Unis;NA;false;NA;1;0;0;0;0;0;0;0;0;0;Warzone;0;0
So What!;France;NA;NA;NA;1;0;0;0;0;0;0;0;0;Metal Corner;0;0;0
Sodom;Allemagne;NA;NA;NA;3;0;0;Second stage;0;0;Main 02;0;0;0;Main 02;0;0
Soilent Green;Etats-Unis;1988;false;New Orleans;1;0;0;0;Terrorizer tent;0;0;0;0;0;0;0;0
Soilwork;Suède;1995;false;Helsingborg;2;0;0;0;0;0;0;0;0;Altar;0;0;Altar
Solace;Etats-Unis;NA;false;Regina;1;0;0;0;0;Terrorizer tent;0;0;0;0;0;0;0
Solefald;Norvège;1995;false;Kristiansand;1;0;0;0;0;0;0;0;0;0;0;Temple;0
Sólstafir;Islande;1995-01;false;Reykjavík;2;0;0;0;0;0;0;Temple;0;Temple;0;0;0
Sonata Arctica;Finlande;1999;false;NA;1;0;0;Main;0;0;0;0;0;0;0;0;0
Sonny Red;France;12040;true;NA;1;Hard n'Heavy stage;0;0;0;0;0;0;0;0;0;0;0
Soulfly;Brésil;NA;false;NA;2;Main;0;0;Main 01;0;0;0;0;Main 02;0;0;0
Soundgarden;Etats-Unis;1984;false;Seattle;1;0;0;0;0;0;0;0;0;Main 01;0;0;0
Spirit Caravan;Etats-Unis;NA;true;NA;1;0;0;0;0;0;0;0;0;Valley;0;0;0
Spiritual Beggars;Suède;1993;false;Halmstad;1;0;0;0;0;0;0;0;Valley;0;0;0;0
Squealer;Allemagne;NA;NA;NA;1;0;0;0;Main 01;0;0;0;0;0;0;0;0
Srutr;France;NA;NA;NA;1;0;0;0;0;0;0;0;Valley;0;0;0;0
SSS;Angleterre;NA;false;NA;1;0;0;0;0;0;0;0;Main 02;0;0;0;0
Status Quo;Angleterre;1967;false;London;1;0;0;0;0;0;0;0;0;Main 01;0;0;0
Steak Number Eight;Belgique;2007;false;Wevelgem;1;0;0;0;0;0;0;0;0;0;0;Main 01;0
Steel Panther;Etats-Unis;2008-04;false;Los Angeles;2;0;0;0;0;0;0;Main 01;0;0;0;0;Main 01
Stick to Your Guns;Etats-Unis;2003;false;NA;1;0;0;0;0;0;0;0;0;Warzone;0;0;0
Sticky Boys;France;NA;false;NA;1;0;0;0;0;0;0;0;0;0;Main 01;0;0
Stille Volk;France;1994;false;NA;2;0;0;0;0;0;0;0;Temple;0;0;Temple;0
Stinky Bollocks;France;NA;false;NA;1;0;0;0;0;0;0;0;0;Warzone;0;0;0
Stone Sour;Etats-Unis;1992;false;Des Moines;2;Main;0;0;0;Main 01;0;0;Main 01;0;0;0;0
Stonebirds;France;2008;false;Bretagne;1;0;0;0;0;0;0;0;0;0;0;Valley;0
Stoned Jesus;Ukraine;2009;false;Kyïv;1;0;0;0;0;0;0;0;0;0;0;Valley;0
Stratovarius;Finlande;1984;false;Helsinki;1;0;0;0;Main 02;0;0;0;0;0;0;0;0
Street Dogs;Etats-Unis;2002;false;Boston;1;0;0;0;0;0;0;Main 02;0;0;0;0;0
Strife;Etats-Unis;NA;NA;NA;1;0;0;0;0;0;0;0;0;0;0;Warzone;0
Strong As Ten;France;NA;false;NA;1;0;0;0;0;0;0;Warzone;0;0;0;0;0
Sublime Cadaveric Decomposition;France;1996;false;NA;1;0;0;0;0;0;0;Altar;0;0;0;0;0
Subrosa;Etats-Unis;2005-07;false;Salt Lake City;2;0;0;0;0;0;0;0;0;Valley;0;0;Valley
Suffocation;Etats-Unis;1988;false;NA;2;0;0;0;0;Rock Hard tent;0;Altar;0;0;0;0;0
Suicidal Angels;Grèce;2001;false;NA;1;0;0;0;0;0;0;Main 02;0;0;0;0;0
Suicidal Tendencies;Etats-Unis;1982;false;Los Angeles;2;0;0;0;Main 02;0;0;0;0;0;0;0;Warzone
Suicide Silence;Etats-Unis;2002;false;NA;1;0;0;0;0;0;Main 02;0;0;0;0;0;0
Sunn O)));Etats-Unis;NA;NA;NA;2;0;0;0;0;0;0;Valley;0;0;0;Valley;0
SUP;France;NA;false;NA;3;0;0;0;0;0;Main 01;0;0;Altar;Altar;0;0
Superjoint Ritual;Etats-Unis;1993;true;NA;1;0;0;0;0;0;0;0;0;0;Valley;0;0
Supertanker;France;NA;NA;NA;1;0;0;0;0;0;0;0;0;0;0;Metal Corner;0
Svart Crown;France;2004;false;NA;2;0;0;0;0;0;Rock Hard tent;0;Temple;0;0;0;0
Swallow the Sun;Finlande;2001;false;NA;1;0;0;0;0;Main 02;0;0;0;0;0;0;0
Swans;Etats-Unis;1982;false;New York;1;0;0;0;0;0;0;0;Valley;0;0;0;0
Sworn Enemy;Etats-Unis;1997;false;Queens;2;0;Discover stage;0;0;Terrorizer tent;0;0;0;0;0;0;0
Sybreed;Suisse;2003;false;NA;1;0;0;0;0;Terrorizer tent;0;0;0;0;0;0;0
Sylosis;Angleterre;2000;false;NA;1;0;0;0;0;0;0;0;0;0;Main 02;0;0
Symphony X;Etats-Unis;1994;false;NA;1;0;0;0;0;0;0;0;Main 02;0;0;0;0
T.A.N.K. (Think of A New Kind);France;NA;false;NA;1;0;0;0;0;0;0;0;Altar;0;0;0;0
Taake;Norvège;1993;false;NA;3;0;0;0;Rock Hard tent;0;0;Temple;0;0;0;Temple;0
Tagada Jones;France;1993;false;NA;2;0;0;0;0;0;0;0;0;Warzone;0;0;Warzone
Taint;Pays de Galles;NA;NA;NA;1;Hard n'Heavy stage;0;0;0;0;0;0;0;0;0;0;0
Tamtrum;France;37622;true;Aix-en-Provence;1;0;0;0;0;Main 02;0;0;0;0;0;0;0
Tankard;Allemagne;1982;false;NA;1;0;0;0;0;Main 02;0;0;0;0;0;0;0
Tarja;Finlande;28354;false;NA;1;0;0;0;0;0;0;0;0;0;0;Main 02;0
Temple of Baal;France;1998;false;NA;1;0;0;0;0;0;0;0;0;Temple;0;0;0
Terra Tenebrosa;Suède;2009;false;NA;1;0;0;0;0;0;0;0;0;0;Valley;0;0
Terror;Etats-Unis;1996;true;NA;4;0;0;0;Terrorizer tent;0;Terrorizer tent;0;Warzone;0;Warzone;0;0
Terrorizer;Etats-Unis;1986;false;NA;1;0;0;0;0;0;0;0;0;0;0;Altar;0
Testament;Etats-Unis;NA;false;NA;3;0;0;Second stage;0;0;0;0;Main 02;0;0;Altar;0
Textures;Pays-bas;2001;false;NA;1;Main;0;0;0;0;0;0;0;0;0;0;Main 02
The Amity Affliction;Australie;2004;false;Gympie;1;0;0;0;0;0;0;0;0;0;0;Main 02;0
The Answer;Irlande du Nord;2000;false;Downpatrick;2;0;0;0;0;0;Main 01;0;0;0;Main 01;0;0
The ARRS;France;1998;false;France;3;0;Gibson stage;0;0;0;0;0;Main 02;0;0;Warzone;0
The Atomic Bitchwax;Etats-Unis;1993;false;Long Branch;1;0;0;0;0;0;0;Valley;0;0;0;0;0
The Black Dahlia Murder;Etats-Unis;2001-01;false;Waterford Township;3;Hard n'Heavy stage;0;0;Terrorizer tent;0;Terrorizer tent;0;0;Altar;0;0;0
The Bones;Suède;NA;NA;NA;1;0;0;0;0;0;0;0;0;Warzone;0;0;0
The Bronx;Etats-Unis;NA;false;NA;1;0;0;0;0;0;0;Main 02;0;0;0;0;0
The Business;Angleterre;1979;false;Lewisham;1;0;0;0;Terrorizer tent;0;0;0;0;0;0;0;0
The Casualties;Etats-Unis;1990;false;New York;1;0;0;0;0;0;0;0;Warzone;0;0;0;0
The Crown;Suède;1990;false;Trollhättan Municipality;1;0;0;0;0;0;0;0;0;0;Altar;0;0
The Cult;Angleterre;1983;false;London;1;0;0;0;0;0;Main 01;0;0;0;0;0;0
The Damned;Angleterre;NA;NA;NA;1;0;0;0;0;0;0;0;0;0;0;0;Warzone
The Damned Things;Etats-Unis;2009;false;NA;1;0;0;0;0;0;Terrorizer tent;0;0;0;0;0;0
The Dead Daisies;Australie;2012;false;Sydney;1;0;0;0;0;0;0;0;0;0;0;0;Main 01
The Decline!;France;NA;NA;NA;2;0;0;0;0;0;0;0;Warzone;0;0;0;Warzone
The Devil Wears Prada;Etats-Unis;2005;false;Dayton;1;0;0;0;0;0;0;0;0;0;0;0;Main 01
The Dillinger Escape Plan;Etats-Unis;NA;NA;NA;1;0;0;0;0;0;0;0;0;0;0;0;Warzone
The Exploited;Ecosse;1978;false;Edinburgh;2;0;0;0;0;0;Main 02;0;0;0;Warzone;0;0
The Faceless;Etats-Unis;NA;false;NA;1;0;0;0;0;Terrorizer tent;0;0;0;0;0;0;0
The Ghost Inside;Etats-Unis;2006;false;NA;1;0;0;0;0;0;0;0;Main 02;0;0;0;0
The Goodamn Gallows;Etats-Unis;NA;NA;NA;1;0;0;0;0;0;0;0;0;0;0;Metal Corner;0
The Great Old Ones;France;2009;false;Bordeaux;2;0;0;0;0;0;0;0;Temple;0;Temple;0;0
The Haunted;Suède;1996;false;Gothenburg;1;Hard n'Heavy stage;0;0;0;0;0;0;0;0;Main 02;0;0
The Lumberjack Feedback;France;NA;false;NA;1;0;0;0;0;0;0;0;0;0;0;Valley;0
The New Roses;Allemagne;NA;false;NA;1;0;0;0;0;0;0;0;0;0;0;0;Main 01
The Nuklear Rokin Krew;France;NA;false;NA;1;0;0;0;0;0;0;0;0;Metal Corner;0;0;0
The Obsessed;Etats-Unis;1977;false;Potomac;1;0;0;0;0;0;0;Valley;0;0;0;0;0
The Ocean;Allemagne;2000;false;NA;2;0;0;Discover stage;0;0;Terrorizer tent;0;0;0;0;0;0
The Offspring;Etats-Unis;1984;false;Huntington Beach;1;0;0;0;0;0;0;0;0;0;0;Main 02;0
The Order of Apollyon;Angleterre;2008;false;NA;1;0;0;0;0;0;0;0;0;Temple;0;0;0
The Outburst;France;2002-09;false;NA;1;Hard n'Heavy stage;0;0;0;0;0;0;0;0;0;0;0
The Quireboys;Angleterre;1984;false;London;1;0;0;0;0;0;0;0;0;0;Main 01;0;0
The Rodeo Idiot Engine;France;NA;false;NA;1;0;0;0;0;0;0;Warzone;0;0;0;0;0
The Secret;Italie;NA;NA;NA;1;0;0;0;0;0;0;0;Temple;0;0;0;0
The Set-Up;Belgique;NA;false;NA;1;0;Discover stage;0;0;0;0;0;0;0;0;0;0
The Shrine;Etats-Unis;NA;false;NA;1;0;0;0;0;0;0;0;0;0;0;Main 02;0
The Skull;Etats-Unis;NA;NA;NA;1;0;0;0;0;0;0;0;0;0;0;Altar;0
The Spudmonsters;Etats-Unis;1987;true;Cleveland;1;0;0;0;0;0;0;Warzone;0;0;0;0;0
The Sword;Etats-Unis;2003;false;Austin;1;0;0;0;0;0;0;0;Valley;0;0;0;0
The Toy Dolls;Angleterre;1979-10;false;Sunderland;2;0;0;0;0;0;0;0;Warzone;0;0;Warzone;0
The Treatment;Angleterre;NA;false;NA;1;0;0;0;0;0;0;0;0;0;0;0;Main 02
The Vintage Caravan;Islande;2006;false;NA;1;0;0;0;0;0;0;0;0;0;0;0;Valley
The Vision Bleak;Allemagne;2000;false;NA;1;0;0;0;0;0;0;0;0;0;0;Temple;0
The Wounded Kings;Angleterre;2004;false;NA;1;0;0;0;0;0;0;0;0;0;Valley;0;0
Therapy?;Irlande;NA;false;NA;1;0;0;0;0;0;0;0;0;Main 01;0;0;0
Therion;Suède;1988;false;Upplands Väsby;2;0;Gibson stage;0;0;0;Main 02;0;0;0;0;0;0
Thin Lizzy;Irlande;1969;false;Dublin;1;0;0;0;0;0;Main 01;0;0;0;0;0;0
Thou;Etats-Unis;2005;false;Baton Rouge;1;0;0;0;0;0;0;Valley;0;0;0;0;0
Throwdown;Etats-Unis;1997;false;NA;1;0;0;Discover stage;0;0;0;0;0;0;0;0;0
Thy Art Is Murder;Australie;2005;false;Blacktown;1;0;0;0;0;0;0;0;0;0;0;Main 02;0
Times of Grace;Etats-Unis;2010;false;NA;1;0;0;0;0;0;Terrorizer tent;0;0;0;0;0;0
Tina Turner Fraiseur;France;NA;NA;NA;1;0;0;0;0;0;0;0;0;0;0;0;Metal Corner
Today Is the Day;Etats-Unis;1992;false;Nashville;1;0;0;Discover stage;0;0;0;0;0;0;0;0;0
Torche;Etats-Unis;2004;false;Miami;2;0;0;0;Terrorizer tent;0;0;0;0;0;0;Valley;0
Total Fucking Destruction;Etats-Unis;1999;false;NA;1;0;0;0;0;0;Rock Hard tent;0;0;0;0;0;0
Toxic Holocaust;Etats-Unis;1999;false;NA;1;0;0;0;0;0;0;0;0;Main 02;0;0;0
Tragedy;Etats-Unis;NA;false;NA;1;0;0;0;0;0;0;Warzone;0;0;0;0;0
Trap Them;Etats-Unis;2001;false;Salem;1;0;0;0;0;0;0;0;0;0;Warzone;0;0
Trap Them;Etats-Unis;2001;false;Salem;1;0;0;0;0;0;0;0;0;0;0;0;Warzone
Trapped Under Ice;NA;NA;NA;NA;1;0;0;0;0;0;0;0;0;0;0;0;Warzone
Tremonti;Etats-Unis;2012;false;United States;1;0;0;0;0;0;0;0;0;0;0;Valley;0
Tremplin My Rock;NA;NA;NA;NA;1;0;0;0;0;0;0;Metal Corner;0;0;0;0;0
Trepalium;France;2001;false;NA;2;Main;0;0;Main 02;0;0;Altar;0;0;0;0;0
Treponem Pal;France;1989;false;NA;2;0;0;Discover stage;0;0;0;0;Warzone;0;0;0;0
Tribulation;Suède;1987;true;NA;1;0;0;0;0;0;0;0;0;0;Altar;0;0
Triggerfinger;Belgique;1998;false;Antwerp;1;0;0;0;0;0;0;0;0;0;Valley;0;0
Triptykon;Suisse;2008;false;NA;2;0;0;0;0;0;Rock Hard tent;0;0;0;Temple;0;0
Trivium;Etats-Unis;2000;false;Orlando;2;Main;0;0;0;0;0;Main 02;0;Main 02;0;0;0
Trollfest;Norvège;2003;false;NA;1;0;0;0;0;0;0;0;0;Temple;0;0;0
Tromatized Youth;France;NA;false;NA;1;0;Discover stage;0;0;0;0;0;0;0;0;0;0
Truckfighters;Suède;2001;false;Örebro;2;0;0;0;0;0;0;0;Valley;0;Valley;0;0
True Black Dawn;Finlande;1993;false;NA;1;0;0;0;0;0;0;0;0;0;0;0;Temple
Trust;France;NA;NA;NA;1;0;0;0;0;0;0;0;0;0;0;0;Main 01
Tsjuder;Norvège;1993;false;NA;2;0;0;0;0;0;Rock Hard tent;0;0;Temple;0;0;0
Turbonegro;Norvège;NA;NA;NA;3;0;0;0;0;0;0;Main 02;0;Warzone;0;Main 02;0
Turisas;Finlande;1997;false;Hämeenlinna;3;0;0;0;0;0;Main 02;0;0;Temple;0;0;Temple
Turnstile;Etats-Unis;2010;false;NA;1;0;0;0;0;0;0;0;0;0;0;Warzone;0
Twisted Sister;Etats-Unis;1972;true;New Jersey;3;0;0;0;0;Main 01;0;0;Main 01;0;0;Main 01;0
Twisted Sisters & Nympherno;Etats-Unis;NA;NA;NA;1;0;0;0;0;0;0;Metal Corner;0;0;0;0;0
Twitching Tongues;Etats-Unis;NA;false;NA;1;0;0;0;0;0;0;0;0;0;Warzone;0;0
Tyler Leads;NA;NA;NA;NA;1;0;0;0;0;0;0;0;0;0;0;Metal Corner;0
Type O Negative;Etats-Unis;1989;true;Brooklyn;1;0;Main;0;0;0;0;0;0;0;0;0;0
Týr;Îles Féroé;1982;false;NA;2;0;0;0;0;0;0;0;Temple;0;0;0;Temple
U.D.O.;Allemagne;NA;NA;NA;1;0;0;0;0;Main 01;0;0;0;0;0;0;0
U.S. Bombs;Etats-Unis;1993;false;California;1;0;0;0;0;0;Terrorizer tent;0;0;0;0;0;0
UFO;Angleterre;NA;NA;NA;1;0;0;0;0;0;Main 01;0;0;0;0;0;0
Ufomammut;Italie;1999;false;NA;3;0;0;0;Terrorizer tent;0;0;Valley;0;0;0;0;Valley
Ufych Sormeer;France;1997;false;NA;1;0;Discover stage;0;0;0;0;0;0;0;0;0;0
Ugly Kid Joe;Etats-Unis;1989;false;NA;1;0;0;0;0;0;0;0;0;0;0;0;Main 01
UK Subs;Angleterre;1977;false;London;1;0;0;0;0;0;0;0;0;0;0;Warzone;0
Ulcerate;Nouvelle-Zélande;2000;false;Auckland;1;0;0;0;0;0;0;0;0;Altar;0;0;0
Ultra Vomit;France;1999;false;NA;2;0;0;Main;0;0;0;0;0;0;0;0;Main 02
Ulver;Norvège;1992;false;Oslo;1;0;0;0;0;Rock Hard tent;0;0;0;0;0;0;0
Uncle Acid and the Deadbeats;Angleterre;2009;false;Cambridge;1;0;0;0;0;0;0;0;Valley;0;0;0;0
Undead Prophecies;France;NA;false;NA;1;0;0;0;0;0;0;0;0;0;0;Altar;0
Unearth;Etats-Unis;1998;false;Winthrop;4;0;Gibson stage;0;0;Terrorizer tent;0;Warzone;Warzone;0;0;0;0
Unexpect;Canada;1996;true;Montreal;1;0;0;0;0;0;0;Altar;0;0;0;0;0
Unida;Etats-Unis;1998;true;Palm Desert;1;0;0;0;0;0;0;0;0;Valley;0;0;0
Unisonic;Allemagne;40127;false;NA;1;0;0;0;0;0;0;Main 01;0;0;0;0;0
Unleashed;Suède;NA;false;NA;1;0;0;0;0;0;0;0;0;Altar;0;0;0
Unsane;Etats-Unis;1988;false;New York;2;0;0;0;0;0;0;Valley;0;0;0;Valley;0
Urfaust;Pays-Bas;2003;false;Asten;1;0;0;0;0;0;0;0;0;Temple;0;0;0
Urgehal;Norvège;1992;false;NA;1;0;0;0;0;Rock Hard tent;0;0;0;0;0;0;0
Uriah Heep;Angleterre;1970;false;London;1;0;0;0;0;0;0;Main 01;0;0;0;0;0
Vader;Pologne;NA;false;NA;4;0;Main;0;Rock Hard tent;0;Rock Hard tent;0;0;0;0;Altar;0
Valient Thorr;Etats-Unis;2001;false;Chapel Hill;1;0;0;0;0;0;Main 01;0;0;0;0;0;0
Valkyrja;Suède;2004;false;NA;1;0;0;0;0;0;0;0;0;0;0;0;Temple
Vallenfyre;Angleterre;2010;false;West Yorkshire;1;0;0;0;0;0;0;0;0;0;Altar;0;0
Vanderbuyst;Pays-Bas;NA;false;NA;1;0;0;0;0;0;0;Main 01;0;0;0;0;0
Vektor;Etats-Unis;2002;false;Philadelphia;1;0;0;0;0;0;0;0;Main 02;0;0;0;0
Venom;Angleterre;NA;NA;NA;2;0;0;Main;0;0;0;0;0;0;Temple;0;0
Vera Cruz;France;NA;false;NA;1;0;0;0;0;0;0;0;Warzone;0;0;0;0
Verbal Razors;France;NA;NA;NA;1;0;0;0;0;0;0;0;0;0;0;0;Warzone
Verdun;France;1981;true;NA;1;0;0;0;0;0;0;0;0;0;0;0;Valley
Victims;Suède;1997;false;Nyköping Municipality;2;0;0;0;0;0;0;Warzone;0;0;0;Warzone;0
Viktims;Suède;NA;NA;NA;1;0;0;0;0;0;0;0;0;0;0;Metal Corner;0
Vintage Trouble;Etats-Unis;2010;false;Hollywood;1;0;0;0;0;0;0;0;0;0;0;Main 01;0
Vision of Disorder;Etats-Unis;1992;false;Northport;2;0;0;0;Terrorizer tent;0;0;0;0;0;0;Warzone;0
Vitamin X;Pays-Bas;1997;false;NA;2;0;0;0;0;0;0;Warzone;0;0;Warzone;0;0
Vodun;Angleterre;2012;false;London;1;0;0;0;0;0;0;0;0;0;0;0;Valley
Voight Kampff;France;2010;false;NA;1;0;0;0;0;0;0;0;Metal Corner;0;0;0;0
Voivod;Canada;1982;false;Jonquière;2;0;0;0;Main 02;0;0;0;Main 02;0;0;0;0
Volbeat;Danemark;2001-10;false;Copenhagen;3;0;0;0;Main 02;0;0;0;Main 01;0;0;Main 01;0
Vomitory;Suède;1991;false;NA;1;0;0;0;0;0;0;Altar;0;0;0;0;0
Vorkreist;France;1999;false;NA;1;0;0;0;0;0;0;0;0;0;Temple;0;0
Vortex of End;France;2005;false;NA;1;0;0;0;0;0;0;0;0;0;0;0;Altar
Vreid Sognametal;Norvège;2004;false;NA;1;0;0;0;0;0;0;0;0;Temple;0;0;0
Vulcain;France;1981;false;NA;2;0;0;0;0;Main 01;0;0;0;0;Main 01;0;0
Vulture Industries;Norvège;1998;false;NA;1;0;0;0;0;0;0;Temple;0;0;0;0;0
W.A.S.P.;Etats-Unis;NA;false;NA;1;0;0;0;Main 02;0;0;0;0;0;0;0;0
Walking Papers;Etats-Unis;2012;false;Seattle;1;0;0;0;0;0;0;0;0;Main 01;0;0;0
Walls of Jericho;Etats-Unis;1998;false;Detroit;5;0;Gibson stage;0;0;Main 02;0;Main 02;0;Warzone;0;Warzone;0
Walnut Grove DC;France;NA;false;NA;1;0;0;0;0;0;0;0;0;Metal Corner;0;0;0
Waltari;Finlande;1986;false;NA;1;0;0;0;0;0;0;0;Main 01;0;0;0;0
Wampas;France;22696;false;NA;1;0;0;0;0;0;0;0;0;0;Warzone;0;0
War Inside;France;NA;false;NA;1;0;0;0;0;0;0;0;Metal Corner;0;0;0;0
Wardruna;Norvège;2003;false;NA;1;0;0;0;0;0;0;0;0;0;0;0;Temple
Watain;Suède;1998;false;Uppsala;3;0;0;Discover stage;0;Rock Hard tent;0;0;0;Temple;0;0;0
Watertank;France;2003;false;NA;2;0;0;0;Terrorizer tent;0;0;0;0;Valley;0;0;0
We Are Harlot;Etats-Unis;2011;false;NA;1;0;0;0;0;0;0;0;0;0;Main 02;0;0
We Came as Romans;Etats-Unis;2005;false;Troy;1;0;0;0;0;0;0;0;0;Main 02;0;0;0
Weedeater;Etats-Unis;1998;false;Wilmington;2;0;0;0;0;Terrorizer tent;0;0;0;0;Valley;0;0
Weekend Nachos;Etats-Unis;2004;false;NA;1;0;0;0;0;0;0;0;0;Altar;0;0;0
Welicoruss;Russie;2002;false;NA;1;0;0;0;0;0;0;0;0;0;0;0;Temple
While She Sleeps;Angleterre;NA;NA;NA;1;0;0;0;0;0;0;0;0;0;0;0;Warzone
Whiplash;Etats-Unis;NA;false;NA;1;0;0;0;0;0;Main 02;0;0;0;0;0;0
Whitechapel;Etats-Unis;2006;false;Knoxville;1;0;0;0;Terrorizer tent;0;0;0;0;0;0;0;0
Whitesnake;Angleterre;1978;false;Middlesbrough;1;0;0;0;0;0;0;0;Main 01;0;0;0;0
Wild Dawn;France;NA;false;NA;1;0;0;0;0;0;0;0;Metal Corner;0;0;0;0
Winterfylleth;Angleterre;2007;false;NA;1;0;0;0;0;0;0;Temple;0;0;0;0;0
Wintersun;Finlande;NA;NA;NA;1;0;0;0;0;0;0;0;Altar;0;0;0;0
Wisdom in Chains;Etats-Unis;NA;false;NA;1;0;0;0;0;Terrorizer tent;0;0;0;0;0;0;0
Witch Mountain;Etats-Unis;1997;false;Portland;1;0;0;0;0;0;0;0;0;Valley;0;0;0
Witchcraft;Suède;NA;false;NA;1;0;0;0;0;0;0;0;Valley;0;0;0;0
Witches;France;38371;true;NA;1;0;0;0;0;0;0;0;0;0;0;Altar;0
Witchthroat Serpent;France;2011-10;false;Toulouse;1;0;0;0;0;0;0;0;0;0;Valley;0;0
With Honor;Etats-Unis;2001;false;NA;1;Hard n'Heavy stage;0;0;0;0;0;0;0;0;0;0;0
With the Dead;Angleterre;NA;false;NA;1;0;0;0;0;0;0;0;0;0;0;Valley;0
Within Temptation;Pays-Bas;1995-04;false;Waddinxveen;3;0;Main;0;0;0;0;Main 01;0;0;0;Main 01;0
Wo Fat;Etats-Unis;2005;false;NA;1;0;0;0;0;0;0;0;0;0;0;Valley;0
Wolfbrigade;Suède;1995;false;NA;1;0;0;0;0;0;0;0;0;0;Warzone;0;0
Wolves in the Throne Room;Etats-Unis;2002;false;Olympia;1;0;0;0;Terrorizer tent;0;0;0;0;0;0;0;0
Wormed;Espagne;1998;false;NA;1;0;0;0;0;0;0;0;0;0;0;0;Altar
Wovenhand;Etats-Unis;2001;false;Denver;1;0;0;0;0;0;0;0;0;0;Valley;0;0
Y&T;Etats-Unis;NA;NA;NA;1;0;0;0;0;Main 01;0;0;0;0;0;0;0
Yawning Man;Etats-Unis;1986;false;Palm Springs;1;0;0;0;0;Terrorizer tent;0;0;0;0;0;0;0
Year of No Light;France;2001;false;Bordeaux;2;0;0;Discover stage;0;0;0;Valley;0;0;0;0;0
Year of the Goat;Suède;NA;false;NA;1;0;0;0;0;0;0;0;0;Main 02;0;0;0
YOB;Etats-Unis;NA;NA;NA;1;0;0;0;0;0;0;Valley;0;0;0;0;0
Young Gods;Suisse;1985;false;Fribourg;2;0;0;0;0;Terrorizer tent;Terrorizer tent;0;0;0;0;0;0
Your Demise;Angleterre;2003;false;NA;2;0;0;Discover stage;0;0;Terrorizer tent;0;0;0;0;0;0
Zeke;Etats-Unis;NA;NA;NA;1;0;0;0;0;0;0;0;0;0;0;0;Warzone
Zero Mentality;Allemagne;NA;false;NA;1;0;Discover stage;0;0;0;0;0;0;0;0;0;0
Zodiac;Allemagne;NA;false;NA;1;0;0;0;0;0;0;0;0;Valley;0;0;0
Zubrowska;France;2001-11;true;NA;1;0;Discover stage;0;0;0;0;0;0;0;0;0;0
Zuul FX;France;NA;false;NA;2;0;0;0;0;0;Main 01;0;0;0;Main 02;0;0
Zyklon;Norvège;1998;true;Notodden;1;Hard n'Heavy stage;0;0;0;0;0;0;0;0;0;0;0
ZZ Top;Etats-Unis;1969;false;Houston;2;0;0;0;0;0;0;0;Main 01;0;Main 01;0;0
