date;scene;type;groupe;Pays;;;
2006;Main;Grande scène;36 Crazyfists;Etats-Unis;;;
2006;Hard n'Heavy stage;Moyenne scène;Agnostic Front;Etats-Unis;;;
2006;Hard n'Heavy stage;Moyenne scène;Akercocke;Angleterre;;;
2006;Main;Grande scène;Alice in Chains;Etats-Unis;;;
2006;Hard n'Heavy stage;Moyenne scène;Allegiance;Etats-Unis;;;
2006;Hard n'Heavy stage;Moyenne scène;Amenra;Belgique;;;
2006;Main;Grande scène;Apocalyptica;Finlande;;;
2006;Hard n'Heavy stage;Moyenne scène;Arch Enemy;Suède;;;
2006;Main;Grande scène;As I Lay Dying;Etats-Unis;;;
2006;Main;Grande scène;Avenged Sevenfold;Etats-Unis;;;
2006;Main;Grande scène;Bloodsimple;Etats-Unis;;;
2006;Hard n'Heavy stage;Moyenne scène;Born From Pain;Pays-Bas;;;
2006;Hard n'Heavy stage;Moyenne scène;Boysetsfire;Etats-Unis;;;
2006;Hard n'Heavy stage;Moyenne scène;Capricorns;Angleterre;;;
2006;Main;Grande scène;Carnival in Coal;France;;;
2006;Hard n'Heavy stage;Moyenne scène;Celtic Frost;Suisse;;;
2006;Hard n'Heavy stage;Moyenne scène;Cephalic Carnage;Etats-Unis;;;
2006;Hard n'Heavy stage;Moyenne scène;Cortez;Suisse;;;
2006;Main;Grande scène;Cradle of Filth;Angleterre;;;
2006;Hard n'Heavy stage;Moyenne scène;Dagoba;France;;;
2006;Hard n'Heavy stage;Moyenne scène;Damnation A.D.;Etats-Unis;;;
2006;Main;Grande scène;Danko Jones;Canada;;;
2006;Main;Grande scène;Darkest Hour;Etats-Unis;;;
2006;Main;Grande scène;Dead Kennedys;Etats-Unis;;;
2006;Main;Grande scène;Dead to Fall;Etats-Unis;;;
2006;Hard n'Heavy stage;Moyenne scène;Demented Are Go!;Pays de Galles;;;
2006;Hard n'Heavy stage;Moyenne scène;DevilDriver;Etats-Unis;;;
2006;Main;Grande scène;Drowning;France;;;
2006;Hard n'Heavy stage;Moyenne scène;Endstand;Finlande;;;
2006;Main;Grande scène;Entombed;Suède;;;
2006;Main;Grande scène;Gadget;Suède;;;
2006;Main;Grande scène;GBH;Angleterre;;;
2006;Hard n'Heavy stage;Moyenne scène;Go It Alone;Allemagne;;;
2006;Main;Grande scène;Gojira;France;;;
2006;Hard n'Heavy stage;Moyenne scène;Guns Up;Etats-Unis;;;
2006;Hard n'Heavy stage;Moyenne scène;Happyface;France;;;
2006;Main;Grande scène;Hatesphere;Danemark;;;
2006;Hard n'Heavy stage;Moyenne scène;Hellmotel;France;;;
2006;Main;Grande scène;Helloween;Allemagne;;;
2006;Hard n'Heavy stage;Moyenne scène;Ignite;Etats-Unis;;;
2006;Main;Grande scène;Knuckledust;Angleterre;;;
2006;Hard n'Heavy stage;Moyenne scène;Knut;Suisse;;;
2006;Hard n'Heavy stage;Moyenne scène;Leeway;Etats-Unis;;;
2006;Main;Grande scène;Locus;Angleterre;;;
2006;Main;Grande scène;Mad Sin;Allemagne;;;
2006;Main;Grande scène;Madball;Etats-Unis;;;
2006;Hard n'Heavy stage;Moyenne scène;Most Precious Blood;Etats-Unis;;;
2006;Main;Grande scène;Motörhead;Angleterre;;;
2006;Hard n'Heavy stage;Moyenne scène;MurDuM;France;;;
2006;Main;Grande scène;Nightmare;France;;;
2006;Hard n'Heavy stage;Moyenne scène;Nile;Etats-Unis;;;
2006;Main;Grande scène;Obituary;Etats-Unis;;;
2006;Hard n'Heavy stage;Moyenne scène;Opeth;Suède;;;
2006;Main;Grande scène;Orphaned Land;Israël;;;
2006;Hard n'Heavy stage;Moyenne scène;Panik;Allemagne;;;
2006;Main;Grande scène;Prostitute Disfigurement;Pays-Bas;;;
2006;Main;Grande scène;Raised Fist;Suède;;;
2006;Hard n'Heavy stage;Moyenne scène;Ringworm;Etats-Unis;;;
2006;Hard n'Heavy stage;Moyenne scène;Rise And Fall;Belgique;;;
2006;Main;Grande scène;Satyricon;Norvège;;;
2006;Main;Grande scène;Saxon;Angleterre;;;
2006;Hard n'Heavy stage;Moyenne scène;Sna-fu *aka* Grand Désordre Orchestre;France;;;
2006;Hard n'Heavy stage;Moyenne scène;Sonny Red;France;;;
2006;Main;Grande scène;Soulfly;Brésil;;;
2006;Main;Grande scène;Stone Sour;Etats-Unis;;;
2006;Hard n'Heavy stage;Moyenne scène;Taint;Pays de Galles;;;
2006;Main;Grande scène;Textures;Pays-bas;;;
2006;Hard n'Heavy stage;Moyenne scène;The Black Dahlia Murder;Etats-Unis;;;
2006;Hard n'Heavy stage;Moyenne scène;The Haunted;Suède;;;
2006;Hard n'Heavy stage;Moyenne scène;The Outburst;France;;;
2006;Main;Grande scène;Trepalium;France;;;
2006;Main;Grande scène;Trivium;Etats-Unis;;;
2006;Hard n'Heavy stage;Moyenne scène;With Honor;Etats-Unis;;;
2006;Hard n'Heavy stage;Moyenne scène;Zyklon;Norvège;;;
2007;Discover stage;Petite scène;1349;Norvège;;;
2007;Discover stage;Petite scène;7th Nemesis;France;;;
2007;Gibson stage;Moyenne scène;Aborted;Belgique;;;
2007;Main;Grande scène;After Forever;Pays-Bas;;;
2007;Main;Grande scène;Amon Amarth;Suède;;;
2007;Main;Grande scène;Animosity;Etats-Unis;;;
2007;Main;Grande scène;Atheist;Etats-Unis;;;
2007;Gibson stage;Moyenne scène;Behemoth;Pologne;;;
2007;Gibson stage;Moyenne scène;Blind Guardian;Allemagne;;;
2007;Main;Grande scène;Bloodsimple;Etats-Unis;;;
2007;Main;Grande scène;Brujeria;Mexique;;;
2007;Gibson stage;Moyenne scène;Brutal Truth;Etats-Unis;;;
2007;Gibson stage;Moyenne scène;Cannibal Corpse;Etats-Unis;;;
2007;Main;Grande scène;Children of Bodom;Finlande;;;
2007;Main;Grande scène;Chimaira;Etats-Unis;;;
2007;Discover stage;Petite scène;Coldworker;Suède;;;
2007;Gibson stage;Moyenne scène;Converge;Etats-Unis;;;
2007;Gibson stage;Moyenne scène;Cynic;Etats-Unis;;;
2007;Main;Grande scène;Dark Tranquility;Suède;;;
2007;Discover stage;Petite scène;dEFDUMp;Luxembourg;;;
2007;Discover stage;Petite scène;Destinity;France;;;
2007;Main;Grande scène;Dew-Scented;Allemagne;;;
2007;Discover stage;Petite scène;Dornfall;France;;;
2007;Main;Grande scène;Dream Theater;Etats-Unis;;;
2007;Discover stage;Petite scène;Dylath-Leen;France;;;
2007;Gibson stage;Moyenne scène;Earth Crisis;Etats-Unis;;;
2007;Gibson stage;Moyenne scène;Edguy;Allemagne;;;
2007;Discover stage;Petite scène;Ellispsis;France;;;
2007;Main;Grande scène;Emperor;Norvège;;;
2007;Gibson stage;Moyenne scène;Enslaved;Norvège;;;
2007;Gibson stage;Moyenne scène;Ephel Duath;Italie;;;
2007;Main;Grande scène;Epica;Pays-Bas;;;
2007;Discover stage;Petite scène;Eryn Non Dae;France;;;
2007;Discover stage;Petite scène;Fubar;Pologne;;;
2007;Discover stage;Petite scène;Furia;France;;;
2007;Discover stage;Petite scène;Gutworm;Angleterre;;;
2007;Discover stage;Petite scène;Hacride;France;;;
2007;Main;Grande scène;Hatebreed;Etats-Unis;;;
2007;Main;Grande scène;Heavenly;France;;;
2007;Discover stage;Petite scène;Homestell;France;;;
2007;Main;Grande scène;Immortal;Norvège;;;
2007;Discover stage;Petite scène;Imply in All;France;;;
2007;Discover stage;Petite scène;Impureza;Espagne;;;
2007;Discover stage;Petite scène;Interlock;Angleterre;;;
2007;Discover stage;Petite scène;Kaisen;France;;;
2007;Gibson stage;Moyenne scène;Kickback;France;;;
2007;Discover stage;Petite scène;Klone;France;;;
2007;Gibson stage;Moyenne scène;Korpiklaani;Finlande;;;
2007;Main;Grande scène;Kreator;Allemagne;;;
2007;Gibson stage;Moyenne scène;Lyzanxia;France;;;
2007;Main;Grande scène;Machine Head;Etats-Unis;;;
2007;Gibson stage;Moyenne scène;Manigance;France;;;
2007;Main;Grande scène;Mastodon;Etats-Unis;;;
2007;Main;Grande scène;Megadeth;Etats-Unis;;;
2007;Gibson stage;Moyenne scène;Misery Index;Etats-Unis;;;
2007;Discover stage;Petite scène;Mistaken Element;France;;;
2007;Discover stage;Petite scène;Moho;Espagne;;;
2007;Gibson stage;Moyenne scène;Moonspell;Portugal;;;
2007;Gibson stage;Moyenne scène;Mumakil;Suisse;;;
2007;Gibson stage;Moyenne scène;Napalm Death;Angleterre;;;
2007;Gibson stage;Moyenne scène;Neurosis;Etats-Unis;;;
2007;Discover stage;Petite scène;Orthodox;Etats-Unis;;;
2007;Main;Grande scène;Pain of Salvation;Suède;;;
2007;Discover stage;Petite scène;Primal Age;France;;;
2007;Gibson stage;Moyenne scène;Salem;Etats-Unis;;;
2007;Gibson stage;Moyenne scène;Scarve;France;;;
2007;Gibson stage;Moyenne scène;Secrets of the Moon;Allemagne;;;
2007;Main;Grande scène;Slayer;Etats-Unis;;;
2007;Discover stage;Petite scène;Slit;Malte;;;
2007;Discover stage;Petite scène;Sworn Enemy;Etats-Unis;;;
2007;Gibson stage;Moyenne scène;The ARRS;France;;;
2007;Discover stage;Petite scène;The Set-Up;Belgique;;;
2007;Gibson stage;Moyenne scène;Therion;Suède;;;
2007;Discover stage;Petite scène;Tromatized Youth;France;;;
2007;Main;Grande scène;Type O Negative;Etats-Unis;;;
2007;Discover stage;Petite scène;Ufych Sormeer;France;;;
2007;Gibson stage;Moyenne scène;Unearth;Etats-Unis;;;
2007;Main;Grande scène;Vader;Pologne;;;
2007;Gibson stage;Moyenne scène;Walls of Jericho;Etats-Unis;;;
2007;Main;Grande scène;Within Temptation;Pays-Bas;;;
2007;Discover stage;Petite scène;Zero Mentality;Allemagne;;;
2007;Discover stage;Petite scène;Zubrowska;France;;;
2008;Main;Grande scène;Airbourne;Australie;;;
2008;Discover stage;Petite scène;Alchemist;Australie;;;
2008;Discover stage;Petite scène;Anaal Nathrakh;Angleterre;;;
2008;Second stage;Moyenne scène;Anathema;Angleterre;;;
2008;Main;Grande scène;Apocalyptica;Finlande;;;
2008;Second stage;Moyenne scène;At the Gates;Suède;;;
2008;Discover stage;Petite scène;Ava Inferi;Portugal;;;
2008;Discover stage;Petite scène;Baroness;Etats-Unis;;;
2008;Discover stage;Petite scène;Belphegor;Autriche;;;
2008;Discover stage;Petite scène;Benighted;France;;;
2008;Discover stage;Petite scène;Between the Buried and Me;Etats-Unis;;;
2008;Discover stage;Petite scène;Black Tide;Etats-Unis;;;
2008;Discover stage;Petite scène;Blazing War Machine;France;;;
2008;Discover stage;Petite scène;Bleeding Through;Etats-Unis;;;
2008;Second stage;Moyenne scène;Born From Pain;Pays-Bas;;;
2008;Second stage;Moyenne scène;Candlemass;Suède;;;
2008;Second stage;Moyenne scène;Carcass;Angleterre;;;
2008;Main;Grande scène;Cavalera Conspiracy;Brésil;;;
2008;Discover stage;Petite scène;Comeback Kid;Canada;;;
2008;Discover stage;Petite scène;Cult of Luna;Suède;;;
2008;Main;Grande scène;Danko Jones;Canada;;;
2008;Second stage;Moyenne scène;Death Angel;Etats-Unis;;;
2008;Second stage;Moyenne scène;Dillinger Escape Plan;Etats-Unis;;;
2008;Main;Grande scène;Dimmu Borgir;Norvège;;;
2008;Discover stage;Petite scène;Disfear;Suède;;;
2008;Discover stage;Petite scène;Dying Fetus;Etats-Unis;;;
2008;Main;Grande scène;Eluveitie;Suisse;;;
2008;Discover stage;Petite scène;Envy;Japon;;;
2008;Main;Grande scène;Eths;France;;;
2008;Discover stage;Petite scène;Evile;Angleterre;;;
2008;Second stage;Moyenne scène;Forbidden;Etats-Unis;;;
2008;Second stage;Moyenne scène;Gamma Ray;Allemagne;;;
2008;Discover stage;Petite scène;Ghost Brigade;Finlande;;;
2008;Discover stage;Petite scène;Haemorrhage;Espagne;;;
2008;Main;Grande scène;Helloween;Allemagne;;;
2008;Main;Grande scène;Iced Earth;Etats-Unis;;;
2008;Discover stage;Petite scène;Impaled Nazarene;Finlande;;;
2008;Main;Grande scène;In Flames;Suède;;;
2008;Discover stage;Petite scène;Job for a Cowboy;Etats-Unis;;;
2008;Second stage;Moyenne scène;Katatonia;Suède;;;
2008;Discover stage;Petite scène;Krisiun;Brésil;;;
2008;Discover stage;Petite scène;Kruger;Suisse;;;
2008;Second stage;Moyenne scène;Legion of the Damned;Pays-Bas;;;
2008;Second stage;Moyenne scène;Madball;Etats-Unis;;;
2008;Discover stage;Petite scène;Marduk;Suède;;;
2008;Second stage;Moyenne scène;Mayhem;Norvège;;;
2008;Main;Grande scène;Meshuggah;Suède;;;
2008;Second stage;Moyenne scène;Ministry;Etats-Unis;;;
2008;Main;Grande scène;Misanthrope;France;;;
2008;Second stage;Moyenne scène;Morbid Angel;Etats-Unis;;;
2008;Main;Grande scène;Motörhead;Angleterre;;;
2008;Second stage;Moyenne scène;Municipal Waste;Etats-Unis;;;
2008;Second stage;Moyenne scène;My Dying Bride;Angleterre;;;
2008;Discover stage;Petite scène;Necrophagist;Allemagne;;;
2008;Discover stage;Petite scène;Nightmare;France;;;
2008;Main;Grande scène;NOFX;Etats-Unis;;;
2008;Second stage;Moyenne scène;Obituary;Etats-Unis;;;
2008;Main;Grande scène;Old Dead Tree;France;;;
2008;Main;Grande scène;Opeth;Suède;;;
2008;Discover stage;Petite scène;Origin;Etats-Unis;;;
2008;Main;Grande scène;Paradise Lost;Angleterre;;;
2008;Main;Grande scène;Porcupine Tree;Angleterre;;;
2008;Discover stage;Petite scène;Primordial;Irlande;;;
2008;Discover stage;Petite scène;Punish Yourself;France;;;
2008;Discover stage;Petite scène;Raintime;Italie;;;
2008;Discover stage;Petite scène;Red Mourning;France;;;
2008;Main;Grande scène;Rose Tattoo;Australie;;;
2008;Discover stage;Petite scène;Rotten Sound;Finlande;;;
2008;Discover stage;Petite scène;Rotting Christ;Grèce;;;
2008;Second stage;Moyenne scène;Satyricon;Norvège;;;
2008;Discover stage;Petite scène;Septic Flesh;Grèce;;;
2008;Discover stage;Petite scène;Shai Hulud;Etats-Unis;;;
2008;Discover stage;Petite scène;Shining;Norvège;;;
2008;Main;Grande scène;Sick of It All;Etats-Unis;;;
2008;Main;Grande scène;Slayer;Etats-Unis;;;
2008;Second stage;Moyenne scène;Sodom;Allemagne;;;
2008;Main;Grande scène;Sonata Arctica;Finlande;;;
2008;Second stage;Moyenne scène;Testament;Etats-Unis;;;
2008;Discover stage;Petite scène;The Ocean;Allemagne;;;
2008;Discover stage;Petite scène;Throwdown;Etats-Unis;;;
2008;Discover stage;Petite scène;Today Is the Day;Etats-Unis;;;
2008;Discover stage;Petite scène;Treponem Pal;France;;;
2008;Main;Grande scène;Ultra Vomit;France;;;
2008;Main;Grande scène;Venom;Angleterre;;;
2008;Discover stage;Petite scène;Watain;Suède;;;
2008;Discover stage;Petite scène;Year of No Light;France;;;
2008;Discover stage;Petite scène;Your Demise;Angleterre;;;
2009;Rock Hard tent;Moyenne scène;Aborted;Belgique;;;
2009;Main 01;Grande scène;Adagio;France;;;
2009;Main 02;Grande scène;ADX;France;;;
2009;Terrorizer tent;Moyenne scène;All Shall Perish;Etats-Unis;;;
2009;Main 02;Grande scène;Amebix;Angleterre;;;
2009;Rock Hard tent;Moyenne scène;Amon Amarth;Suède;;;
2009;Main 02;Grande scène;Anthrax;Etats-Unis;;;
2009;Terrorizer tent;Moyenne scène;August Burns Red;Etats-Unis;;;
2009;Rock Hard tent;Moyenne scène;Aura Noir;Norvège;;;
2009;Terrorizer tent;Moyenne scène;Backfire;Pays-Bas;;;
2009;Main 01;Grande scène;Backyard Babies;Suède;;;
2009;Terrorizer tent;Moyenne scène;Betrayed;NA;;;
2009;Main 02;Grande scène;Black Stone Cherry;Etats-Unis;;;
2009;Terrorizer tent;Moyenne scène;Blockheads;Angleterre;;;
2009;Terrorizer tent;Moyenne scène;Brutal Truth;Etats-Unis;;;
2009;Main 01;Grande scène;Buckcherry;Etats-Unis;;;
2009;Rock Hard tent;Moyenne scène;Cathedral;Angleterre;;;
2009;Main 02;Grande scène;Clutch;Etats-Unis;;;
2009;Terrorizer tent;Moyenne scène;Coalesce;Etats-Unis;;;
2009;Main 01;Grande scène;Cradle of Filth;Angleterre;;;
2009;Terrorizer tent;Moyenne scène;Cro-Mags;Etats-Unis;;;
2009;Main 01;Grande scène;Dagoba;France;;;
2009;Terrorizer tent;Moyenne scène;Despised Icon;Canada;;;
2009;Rock Hard tent;Moyenne scène;Deströyer 666;Australie;;;
2009;Main 02;Grande scène;Destruction;Allemagne;;;
2009;Main 01;Grande scène;DevilDriver;Etats-Unis;;;
2009;Main 01;Grande scène;Down;Etats-Unis;;;
2009;Main 01;Grande scène;DragonForce;Angleterre;;;
2009;Main 01;Grande scène;Dream Theater;Etats-Unis;;;
2009;Terrorizer tent;Moyenne scène;Electric Wizard;Angleterre;;;
2009;Rock Hard tent;Moyenne scène;Enslaved;Norvège;;;
2009;Rock Hard tent;Moyenne scène;Entombed;Suède;;;
2009;Main 01;Grande scène;Epica;Pays-Bas;;;
2009;Main 01;Grande scène;Europe;Suède;;;
2009;Main 02;Grande scène;Eyehategod;Etats-Unis;;;
2009;Main 01;Grande scène;Gama Bomb;Irlande;;;
2009;Main 01;Grande scène;Girlschool;Angleterre;;;
2009;Main 02;Grande scène;God Forbid;Etats-Unis;;;
2009;Rock Hard tent;Moyenne scène;God Seed;Norvège;;;
2009;Main 01;Grande scène;Gojira;France;;;
2009;Main 02;Grande scène;Gokan;France;;;
2009;Rock Hard tent;Moyenne scène;Grand Magus;Suède;;;
2009;Rock Hard tent;Moyenne scène;Hacride;France;;;
2009;Main 02;Grande scène;Hatebreed;Etats-Unis;;;
2009;Main 01;Grande scène;Heaven and Hell;Etats-Unis;;;
2009;Main 02;Grande scène;Heaven Shall Burn;Allemagne;;;
2009;Main 01;Grande scène;Holyhell;Etats-Unis;;;
2009;Rock Hard tent;Moyenne scène;Immolation;Etats-Unis;;;
2009;Terrorizer tent;Moyenne scène;Jarboe;Etats-Unis;;;
2009;Main 02;Grande scène;Karma to Burn;Etats-Unis;;;
2009;Rock Hard tent;Moyenne scène;Kataklysm;Canada;;;
2009;Rock Hard tent;Moyenne scène;Keep of Kalessin;Norvège;;;
2009;Terrorizer tent;Moyenne scène;Kickback;France;;;
2009;Main 02;Grande scène;Killing Joke;Angleterre;;;
2009;Main 01;Grande scène;Koritni;Australie;;;
2009;Terrorizer tent;Moyenne scène;Kylesa;Etats-Unis;;;
2009;Main 01;Grande scène;Machine Head;Etats-Unis;;;
2009;Main 02;Grande scène;Mad Sin;Allemagne;;;
2009;Main 01;Grande scène;Manowar;Etats-Unis;;;
2009;Main 01;Grande scène;Marilyn Manson;Etats-Unis;;;
2009;Main 02;Grande scène;Mastodon;Etats-Unis;;;
2009;Rock Hard tent;Moyenne scène;Melechesh;Pays-Bas;;;
2009;Rock Hard tent;Moyenne scène;Misery Index;Etats-Unis;;;
2009;Main 02;Grande scène;Misfits;Etats-Unis;;;
2009;Rock Hard tent;Moyenne scène;Moonsorrow;Finlande;;;
2009;Rock Hard tent;Moyenne scène;Moonspell;Portugal;;;
2009;Main 01;Grande scène;Mötley Crüe;Etats-Unis;;;
2009;Rock Hard tent;Moyenne scène;Napalm Death;Angleterre;;;
2009;Main 01;Grande scène;Nashville Pussy;Etats-Unis;;;
2009;Rock Hard tent;Moyenne scène;Offending;France;;;
2009;Rock Hard tent;Moyenne scène;Orakle;France;;;
2009;Terrorizer tent;Moyenne scène;Orange Goblin;Angleterre;;;
2009;Main 02;Grande scène;Outlaw Order;Etats-Unis;;;
2009;Main 02;Grande scène;Pain;Suède;;;
2009;Main 02;Grande scène;Pain of Salvation;Suède;;;
2009;Main 01;Grande scène;Papa Roach;Etats-Unis;;;
2009;Terrorizer tent;Moyenne scène;Parkway Drive;Australie;;;
2009;Rock Hard tent;Moyenne scène;Pestilence;Pays-Bas;;;
2009;Terrorizer tent;Moyenne scène;Pig Destroyer;Etats-Unis;;;
2009;Terrorizer tent;Moyenne scène;Providence;France;;;
2009;Main 01;Grande scène;Queensrÿche;Etats-Unis;;;
2009;Rock Hard tent;Moyenne scène;Repulsion;Etats-Unis;;;
2009;Rock Hard tent;Moyenne scène;Sacred Reich;Etats-Unis;;;
2009;Main 02;Grande scène;Saint Vitus;Etats-Unis;;;
2009;Rock Hard tent;Moyenne scène;Samael;Suisse;;;
2009;Main 01;Grande scène;Satan Jokers;France;;;
2009;Rock Hard tent;Moyenne scène;Skinless;Etats-Unis;;;
2009;Terrorizer tent;Moyenne scène;Soilent Green;Etats-Unis;;;
2009;Main 01;Grande scène;Soulfly;Brésil;;;
2009;Main 01;Grande scène;Squealer;Allemagne;;;
2009;Main 02;Grande scène;Stratovarius;Finlande;;;
2009;Main 02;Grande scène;Suicidal Tendencies;Etats-Unis;;;
2009;Rock Hard tent;Moyenne scène;Taake;Norvège;;;
2009;Terrorizer tent;Moyenne scène;Terror;Etats-Unis;;;
2009;Terrorizer tent;Moyenne scène;The Black Dahlia Murder;Etats-Unis;;;
2009;Terrorizer tent;Moyenne scène;The Business;Angleterre;;;
2009;Terrorizer tent;Moyenne scène;Torche;Etats-Unis;;;
2009;Main 02;Grande scène;Trepalium;France;;;
2009;Terrorizer tent;Moyenne scène;Ufomammut;Italie;;;
2009;Rock Hard tent;Moyenne scène;Vader;Pologne;;;
2009;Terrorizer tent;Moyenne scène;Vision of Disorder;Etats-Unis;;;
2009;Main 02;Grande scène;Voivod;Canada;;;
2009;Main 02;Grande scène;Volbeat;Danemark;;;
2009;Main 02;Grande scène;W.A.S.P.;Etats-Unis;;;
2009;Terrorizer tent;Moyenne scène;Watertank;France;;;
2009;Terrorizer tent;Moyenne scène;Whitechapel;Etats-Unis;;;
2009;Terrorizer tent;Moyenne scène;Wolves in the Throne Room;Etats-Unis;;;
2010;Terrorizer tent;Moyenne scène;16;Etats-Unis;;;
2010;Terrorizer tent;Moyenne scène;36 Crazyfists;Etats-Unis;;;
2010;Main 01;Grande scène;69 Chambers;Suisse;;;
2010;Terrorizer tent;Moyenne scène;Agnostic Front;Etats-Unis;;;
2010;Main 01;Grande scène;Airbourne;Australie;;;
2010;Main 01;Grande scène;Alice Cooper;Etats-Unis;;;
2010;Main 02;Grande scène;Annihilator;Canada;;;
2010;Main 02;Grande scène;Anvil;Canada;;;
2010;Main 02;Grande scène;Arch Enemy;Suède;;;
2010;Terrorizer tent;Moyenne scène;As I Lay Dying;Etats-Unis;;;
2010;Rock Hard tent;Moyenne scène;Asphyx;Pays-Bas;;;
2010;Main 02;Grande scène;Behemoth;Pologne;;;
2010;Terrorizer tent;Moyenne scène;Between the Buried and Me;Etats-Unis;;;
2010;Main 02;Grande scène;Biohazard;Etats-Unis;;;
2010;Terrorizer tent;Moyenne scène;Black Cobra;Etats-Unis;;;
2010;Main 02;Grande scène;Blasphème;France;;;
2010;Rock Hard tent;Moyenne scène;Bloodbath;Suède;;;
2010;Terrorizer tent;Moyenne scène;Born From Pain;Pays-Bas;;;
2010;Terrorizer tent;Moyenne scène;Brant Bjork and the Bros;Etats-Unis;;;
2010;Rock Hard tent;Moyenne scène;Candlemass;Suède;;;
2010;Main 02;Grande scène;Carcass;Angleterre;;;
2010;Terrorizer tent;Moyenne scène;Carnifex;Etats-Unis;;;
2010;Rock Hard tent;Moyenne scène;Condkoï;France;;;
2010;Main 02;Grande scène;Crowbar;Etats-Unis;;;
2010;Rock Hard tent;Moyenne scène;Dark Funeral;Suède;;;
2010;Rock Hard tent;Moyenne scène;Decapitated;Pologne;;;
2010;Main 01;Grande scène;Deftones;Etats-Unis;;;
2010;Main 01;Grande scène;Delain;Pays-Bas;;;
2010;Terrorizer tent;Moyenne scène;Devil's Blood;Pays-Bas;;;
2010;Main 02;Grande scène;Devin Townsend Project;Canada;;;
2010;Main 02;Grande scène;Dew-Scented;Allemagne;;;
2010;Terrorizer tent;Moyenne scène;Dillinger Escape Plan;Etats-Unis;;;
2010;Terrorizer tent;Moyenne scène;Discharge;Angleterre;;;
2010;Terrorizer tent;Moyenne scène;Discipline;Pays-Bas;;;
2010;Terrorizer tent;Moyenne scène;Doom;Angleterre;;;
2010;Main 01;Grande scène;Electric Mary;Australie;;;
2010;Main 02;Grande scène;Eluveitie;Suisse;;;
2010;Main 02;Grande scène;Ensiferum;Finlande;;;
2010;Main 01;Grande scène;Evile;Angleterre;;;
2010;Rock Hard tent;Moyenne scène;Ex Deo;Canada;;;
2010;Main 02;Grande scène;Exodus;Etats-Unis;;;
2010;Main 01;Grande scène;Fear Factory;Etats-Unis;;;
2010;Rock Hard tent;Moyenne scène;Fields of the Nephilim;Angleterre;;;
2010;Main 02;Grande scène;Finntroll;Finlande;;;
2010;Main 01;Grande scène;Freak Kitchen;Suède;;;
2010;Rock Hard tent;Moyenne scène;General Surgery;Suède;;;
2010;Terrorizer tent;Moyenne scène;Ghost Brigade;Finlande;;;
2010;Terrorizer tent;Moyenne scène;Godflesh;Angleterre;;;
2010;Main 02;Grande scène;Gorod;France;;;
2010;Main 02;Grande scène;Hypocrisy;Suède;;;
2010;Rock Hard tent;Moyenne scène;Ihsahn;Norvège;;;
2010;Main 02;Grande scène;Immortal;Norvège;;;
2010;Main 01;Grande scène;Infectious Grooves;Etats-Unis;;;
2010;Terrorizer tent;Moyenne scène;Jello Biafra and the Guantanamo School of Medicine;Etats-Unis;;;
2010;Terrorizer tent;Moyenne scène;John Garcia;Etats-Unis;;;
2010;Rock Hard tent;Moyenne scène;Kalisia;France;;;
2010;Rock Hard tent;Moyenne scène;Kampfar;Norvège;;;
2010;Rock Hard tent;Moyenne scène;Katatonia;Suède;;;
2010;Main 01;Grande scène;Kiss;Etats-Unis;;;
2010;Main 01;Grande scène;KMFDM;Allemagne;;;
2010;Terrorizer tent;Moyenne scène;Knuckledust;Angleterre;;;
2010;Rock Hard tent;Moyenne scène;Loudblast;France;;;
2010;Terrorizer tent;Moyenne scène;Magrudergrind;Etats-Unis;;;
2010;Rock Hard tent;Moyenne scène;Marduk;Suède;;;
2010;Main 01;Grande scène;Mass Hysteria;France;;;
2010;Terrorizer tent;Moyenne scène;Monarque;Canada;;;
2010;Terrorizer tent;Moyenne scène;Mondo Generator;Etats-Unis;;;
2010;Terrorizer tent;Moyenne scène;Monkey 3;Suisse;;;
2010;Main 01;Grande scène;Motörhead;Angleterre;;;
2010;Rock Hard tent;Moyenne scène;My Dying Bride;Angleterre;;;
2010;Rock Hard tent;Moyenne scène;Necrophagist;Allemagne;;;
2010;Terrorizer tent;Moyenne scène;Negur? Bunget;Roumanie;;;
2010;Main 02;Grande scène;Nevermore;Etats-Unis;;;
2010;Rock Hard tent;Moyenne scène;Nile;Etats-Unis;;;
2010;Rock Hard tent;Moyenne scène;Obscura;Allemagne;;;
2010;Terrorizer tent;Moyenne scène;Omega Massif;Allemagne;;;
2010;Rock Hard tent;Moyenne scène;Otargos;France;;;
2010;Main 01;Grande scène;Pretty Maids;Danemark;;;
2010;Main 01;Grande scène;Primal Fear;Allemagne;;;
2010;Main 02;Grande scène;Raven;Angleterre;;;
2010;Terrorizer tent;Moyenne scène;Rwake;Etats-Unis;;;
2010;Main 02;Grande scène;Sabaton;Suède;;;
2010;Rock Hard tent;Moyenne scène;Sadist;Italie;;;
2010;Terrorizer tent;Moyenne scène;Saviours;Etats-Unis;;;
2010;Main 01;Grande scène;Saxon;Angleterre;;;
2010;Main 01;Grande scène;Sepultura;Brésil;;;
2010;Main 02;Grande scène;Sick of It All;Etats-Unis;;;
2010;Terrorizer tent;Moyenne scène;Sigh;Japon;;;
2010;Main 01;Grande scène;Slash;Angleterre;;;
2010;Main 02;Grande scène;Slayer;Etats-Unis;;;
2010;Terrorizer tent;Moyenne scène;Solace;Etats-Unis;;;
2010;Main 01;Grande scène;Stone Sour;Etats-Unis;;;
2010;Rock Hard tent;Moyenne scène;Suffocation;Etats-Unis;;;
2010;Main 02;Grande scène;Swallow the Sun;Finlande;;;
2010;Terrorizer tent;Moyenne scène;Sworn Enemy;Etats-Unis;;;
2010;Terrorizer tent;Moyenne scène;Sybreed;Suisse;;;
2010;Main 02;Grande scène;Tamtrum;France;;;
2010;Main 02;Grande scène;Tankard;Allemagne;;;
2010;Terrorizer tent;Moyenne scène;The Faceless;Etats-Unis;;;
2010;Main 01;Grande scène;Twisted Sister;Etats-Unis;;;
2010;Main 01;Grande scène;U.D.O.;Allemagne;;;
2010;Rock Hard tent;Moyenne scène;Ulver;Norvège;;;
2010;Terrorizer tent;Moyenne scène;Unearth;Etats-Unis;;;
2010;Rock Hard tent;Moyenne scène;Urgehal;Norvège;;;
2010;Main 01;Grande scène;Vulcain;France;;;
2010;Main 02;Grande scène;Walls of Jericho;Etats-Unis;;;
2010;Rock Hard tent;Moyenne scène;Watain;Suède;;;
2010;Terrorizer tent;Moyenne scène;Weedeater;Etats-Unis;;;
2010;Terrorizer tent;Moyenne scène;Wisdom in Chains;Etats-Unis;;;
2010;Main 01;Grande scène;Y&T;Etats-Unis;;;
2010;Terrorizer tent;Moyenne scène;Yawning Man;Etats-Unis;;;
2010;Terrorizer tent;Moyenne scène;Young Gods;Suisse;;;
2011;Rock Hard tent;Moyenne scène;1349;Norvège;;;
2011;Main 01;Grande scène;Alter Bridge;Etats-Unis;;;
2011;Main 02;Grande scène;Anathema;Angleterre;;;
2011;Main 01;Grande scène;Angel Witch;Angleterre;;;
2011;Main 01;Grande scène;Apocalyptica;Finlande;;;
2011;Main 01;Grande scène;Architects;Angleterre;;;
2011;Rock Hard tent;Moyenne scène;Arkona;Russie;;;
2011;Terrorizer tent;Moyenne scène;Arma Gathas;Suisse;;;
2011;Main 02;Grande scène;Atheist;Etats-Unis;;;
2011;Main 02;Grande scène;Audrey Horne;Norvège;;;
2011;Terrorizer tent;Moyenne scène;Bad Brains;Etats-Unis;;;
2011;Rock Hard tent;Moyenne scène;Belphegor;Autriche;;;
2011;Main 01;Grande scène;Black Label Society;Etats-Unis;;;
2011;Rock Hard tent;Moyenne scène;Bolt Thrower;Angleterre;;;
2011;Main 01;Grande scène;Cavalera Conspiracy;Brésil;;;
2011;Terrorizer tent;Moyenne scène;Church of Misery;Japon;;;
2011;Terrorizer tent;Moyenne scène;Clutch;Etats-Unis;;;
2011;Terrorizer tent;Moyenne scène;Comeback Kid;Canada;;;
2011;Terrorizer tent;Moyenne scène;Converge;Etats-Unis;;;
2011;Main 02;Grande scène;Coroner;Suisse;;;
2011;Terrorizer tent;Moyenne scène;Corrosion of Conformity;Etats-Unis;;;
2011;Rock Hard tent;Moyenne scène;Cradle of Filth;Angleterre;;;
2011;Main 01;Grande scène;Crucified Barbara;Suède;;;
2011;Main 02;Grande scène;Dagoba;France;;;
2011;Rock Hard tent;Moyenne scène;Dark Tranquility;Suède;;;
2011;Terrorizer tent;Moyenne scène;Deez Nuts;Australie;;;
2011;Main 02;Grande scène;Destruction;Allemagne;;;
2011;Terrorizer tent;Moyenne scène;Dirty Rotten Imbeciles;Etats-Unis;;;
2011;Rock Hard tent;Moyenne scène;Dødheimsgard;Norvège;;;
2011;Main 02;Grande scène;Doro;Allemagne;;;
2011;Main 01;Grande scène;Down;Etats-Unis;;;
2011;Main 01;Grande scène;Duff McKagan's Loaded;Etats-Unis;;;
2011;Main 02;Grande scène;Dwarves;Etats-Unis;;;
2011;Terrorizer tent;Moyenne scène;Electric Wizard;Angleterre;;;
2011;Rock Hard tent;Moyenne scène;Exhumed;Etats-Unis;;;
2011;Terrorizer tent;Moyenne scène;Eyehategod;Etats-Unis;;;
2011;Main 01;Grande scène;Firewind;Grèce;;;
2011;Terrorizer tent;Moyenne scène;Ghost;Suède;;;
2011;Terrorizer tent;Moyenne scène;Goatsnake;Etats-Unis;;;
2011;Terrorizer tent;Moyenne scène;Grand Magus;Suède;;;
2011;Rock Hard tent;Moyenne scène;Grave;Suède;;;
2011;Rock Hard tent;Moyenne scène;Hail of Bullets;Pays-Bas;;;
2011;Main 01;Grande scène;HammerFall;Suède;;;
2011;Terrorizer tent;Moyenne scène;Hangman's Chair;France;;;
2011;Terrorizer tent;Moyenne scène;Hawkwind;Angleterre;;;
2011;Main 02;Grande scène;Headcharger;France;;;
2011;Main 02;Grande scène;Hemoragy;France;;;
2011;Main 01;Grande scène;Iggy and the Stooges;Etats-Unis;;;
2011;Rock Hard tent;Moyenne scène;Impureza;Espagne;;;
2011;Main 02;Grande scène;In Flames;Suède;;;
2011;Terrorizer tent;Moyenne scène;In Solitude;Suède;;;
2011;Main 01;Grande scène;Judas Priest;Angleterre;;;
2011;Terrorizer tent;Moyenne scène;Karma to Burn;Etats-Unis;;;
2011;Terrorizer tent;Moyenne scène;KEN mode;Canada;;;
2011;Main 02;Grande scène;Klone;France;;;
2011;Terrorizer tent;Moyenne scène;Knut;Suisse;;;
2011;Rock Hard tent;Moyenne scène;Korpiklaani;Finlande;;;
2011;Main 02;Grande scène;Kreator;Allemagne;;;
2011;Rock Hard tent;Moyenne scène;Krisiun;Brésil;;;
2011;Terrorizer tent;Moyenne scène;Kruger;Suisse;;;
2011;Terrorizer tent;Moyenne scène;Kylesa;Etats-Unis;;;
2011;Terrorizer tent;Moyenne scène;Kyuss;Etats-Unis;;;
2011;Rock Hard tent;Moyenne scène;Last Days of Humanity;Pays-Bas;;;
2011;Main 02;Grande scène;Lyzanxia;France;;;
2011;Rock Hard tent;Moyenne scène;Malevolent Creation;Etats-Unis;;;
2011;Main 02;Grande scène;Maximum the Hormone;Japon;;;
2011;Rock Hard tent;Moyenne scène;Mayhem;Norvège;;;
2011;Main 02;Grande scène;Mekong Delta;Allemagne;;;
2011;Terrorizer tent;Moyenne scène;Melvins;Etats-Unis;;;
2011;Main 02;Grande scène;Meshuggah;Suède;;;
2011;Terrorizer tent;Moyenne scène;Monster Magnet;Etats-Unis;;;
2011;Main 02;Grande scène;Morbid Angel;Etats-Unis;;;
2011;Rock Hard tent;Moyenne scène;Morgoth;Allemagne;;;
2011;Terrorizer tent;Moyenne scène;Morne;Etats-Unis;;;
2011;Main 01;Grande scène;Mr. Big;Etats-Unis;;;
2011;Main 02;Grande scène;Municipal Waste;Etats-Unis;;;
2011;Terrorizer tent;Moyenne scène;My Sleeping Karma;Allemagne;;;
2011;Terrorizer tent;Moyenne scène;Nasty;Belgique;;;
2011;Main 02;Grande scène;Opeth;Suède;;;
2011;Main 02;Grande scène;Orphaned Land;Israël;;;
2011;Main 01;Grande scène;Ozzy & Friends;Angleterre;;;
2011;Main 02;Grande scène;Pain of Salvation;Suède;;;
2011;Rock Hard tent;Moyenne scène;Possessed;Etats-Unis;;;
2011;Rock Hard tent;Moyenne scène;Primordial;Irlande;;;
2011;Terrorizer tent;Moyenne scène;Raw Power;Italie;;;
2011;Terrorizer tent;Moyenne scène;Red Fang;Etats-Unis;;;
2011;Main 01;Grande scène;Rob Zombie;Etats-Unis;;;
2011;Main 01;Grande scène;Scorpions;Allemagne;;;
2011;Rock Hard tent;Moyenne scène;Septic Flesh;Grèce;;;
2011;Rock Hard tent;Moyenne scène;Severe Torture;Pays-Bas;;;
2011;Terrorizer tent;Moyenne scène;Shai Hulud;Etats-Unis;;;
2011;Rock Hard tent;Moyenne scène;Skyforger;Lettonie;;;
2011;Main 02;Grande scène;Sodom;Allemagne;;;
2011;Main 02;Grande scène;Suicide Silence;Etats-Unis;;;
2011;Main 01;Grande scène;SUP;France;;;
2011;Rock Hard tent;Moyenne scène;Svart Crown;France;;;
2011;Terrorizer tent;Moyenne scène;Terror;Etats-Unis;;;
2011;Main 01;Grande scène;The Answer;Irlande du Nord;;;
2011;Terrorizer tent;Moyenne scène;The Black Dahlia Murder;Etats-Unis;;;
2011;Main 01;Grande scène;The Cult;Angleterre;;;
2011;Terrorizer tent;Moyenne scène;The Damned Things;Etats-Unis;;;
2011;Main 02;Grande scène;The Exploited;Ecosse;;;
2011;Terrorizer tent;Moyenne scène;The Ocean;Allemagne;;;
2011;Main 02;Grande scène;Therion;Suède;;;
2011;Main 01;Grande scène;Thin Lizzy;Irlande;;;
2011;Terrorizer tent;Moyenne scène;Times of Grace;Etats-Unis;;;
2011;Rock Hard tent;Moyenne scène;Total Fucking Destruction;Etats-Unis;;;
2011;Rock Hard tent;Moyenne scène;Triptykon;Suisse;;;
2011;Rock Hard tent;Moyenne scène;Tsjuder;Norvège;;;
2011;Main 02;Grande scène;Turisas;Finlande;;;
2011;Terrorizer tent;Moyenne scène;U.S. Bombs;Etats-Unis;;;
2011;Main 01;Grande scène;UFO;Angleterre;;;
2011;Rock Hard tent;Moyenne scène;Vader;Pologne;;;
2011;Main 01;Grande scène;Valient Thorr;Etats-Unis;;;
2011;Main 02;Grande scène;Whiplash;Etats-Unis;;;
2011;Terrorizer tent;Moyenne scène;Young Gods;Suisse;;;
2011;Terrorizer tent;Moyenne scène;Your Demise;Angleterre;;;
2011;Main 01;Grande scène;Zuul FX;France;;;
2012;Altar;Moyenne scène;Aborted;Belgique;;;
2012;Metal Corner;Petite scène;Absurdity;France;;;
2012;Valley;Moyenne scène;Abysse;France;;;
2012;Valley;Moyenne scène;Acid King;Etats-Unis;;;
2012;Valley;Moyenne scène;Alcest;France;;;
2012;Warzone;Petite scène;All for Nothing;Pays-Bas;;;
2012;Main 02;Grande scène;All Shall Perish;Etats-Unis;;;
2012;Main 01;Grande scène;Alpha Tiger;Allemagne;;;
2012;Valley;Moyenne scène;Amenra;Belgique;;;
2012;Temple;Moyenne scène;Amon Amarth;Suède;;;
2012;Temple;Moyenne scène;Anaal Nathrakh;Angleterre;;;
2012;Temple;Moyenne scène;Aosoth;France;;;
2012;Metal Corner;Petite scène;Arcania;France;;;
2012;Temple;Moyenne scène;Arcturus;Norvège;;;
2012;Warzone;Petite scène;Arson Anthem;Etats-Unis;;;
2012;Metal Corner;Petite scène;As It Comes;France;;;
2012;Warzone;Petite scène;As They Burn;France;;;
2012;Temple;Moyenne scène;Ascension;Allemagne;;;
2012;Main 02;Grande scène;August Burns Red;Etats-Unis;;;
2012;Altar;Moyenne scène;Avulsed;Espagne;;;
2012;Temple;Moyenne scène;Behemoth;Pologne;;;
2012;Temple;Moyenne scène;Belenos;France;;;
2012;Altar;Moyenne scène;Benediction;Angleterre;;;
2012;Altar;Moyenne scène;Benighted;France;;;
2012;Main 02;Grande scène;Betraying the Martyrs;France;;;
2012;Valley;Moyenne scène;Big Business;Etats-Unis;;;
2012;Warzone;Petite scène;Biohazard;Etats-Unis;;;
2012;Main 02;Grande scène;Black Bomb A;France;;;
2012;Main 01;Grande scène;Black Label Society;Etats-Unis;;;
2012;Altar;Moyenne scène;Blood Red Throne;Norvège;;;
2012;Main 01;Grande scène;Blue Öyster Cult;Etats-Unis;;;
2012;Valley;Moyenne scène;Brain Police;Islande;;;
2012;Altar;Moyenne scène;Brujeria;Mexique;;;
2012;Altar;Moyenne scène;Brutal Truth;Etats-Unis;;;
2012;Main 01;Grande scène;Bukowski;France;;;
2012;Metal Corner;Petite scène;Bunkum;France;;;
2012;Warzone;Petite scène;Cancer Bats;Canada;;;
2012;Altar;Moyenne scène;Cannibal Corpse;Etats-Unis;;;
2012;Valley;Moyenne scène;Celeste;France;;;
2012;Main 02;Grande scène;Channel Zero;Belgique;;;
2012;Altar;Moyenne scène;Children of Bodom;Finlande;;;
2012;Valley;Moyenne scène;Colour Haze;Allemagne;;;
2012;Metal Corner;Petite scène;Cover Kill;Suisse;;;
2012;Main 01;Grande scène;Crashdïet;Suède;;;
2012;Metal Corner;Petite scène;Crimson Daze;France;;;
2012;Valley;Moyenne scène;D.Usk;NA;;;
2012;Main 01;Grande scène;D-A-D;Danemark;;;
2012;Warzone;Petite scène;Darkest Hour;Etats-Unis;;;
2012;Temple;Moyenne scène;Darkspace;Suisse;;;
2012;Main 02;Grande scène;Death Angel;Etats-Unis;;;
2012;Warzone;Petite scène;Death Before Dishonor;Etats-Unis;;;
2012;Main 02;Grande scène;DevilDriver;Etats-Unis;;;
2012;Valley;Moyenne scène;Devil's Blood;Pays-Bas;;;
2012;Temple;Moyenne scène;Dimmu Borgir;Norvège;;;
2012;Warzone;Petite scène;Discharge;Angleterre;;;
2012;Metal Corner;Petite scène;DJ Kemical Kem;France;;;
2012;Metal Corner;Petite scène;DJ Mike Rock;France;;;
2012;Metal Corner;Petite scène;DJ Spideric;France;;;
2012;Temple;Moyenne scène;Djerv;Norvège;;;
2012;Main 02;Grande scène;Do or Die;Belgique;;;
2012;Warzone;Petite scène;Dog Eat Dog;Etats-Unis;;;
2012;Valley;Moyenne scène;Doomriders;Etats-Unis;;;
2012;Main 02;Grande scène;Dropkick Murphys;Etats-Unis;;;
2012;Altar;Moyenne scène;Dying Fetus;Etats-Unis;;;
2012;Valley;Moyenne scène;Dÿse;Allemagne;;;
2012;Main 02;Grande scène;Edguy;Allemagne;;;
2012;Warzone;Petite scène;Emmure;Etats-Unis;;;
2012;Temple;Moyenne scène;Endstille;Allemagne;;;
2012;Temple;Moyenne scène;Enslaved;Norvège;;;
2012;Altar;Moyenne scène;Entombed;Suède;;;
2012;Metal Corner;Petite scène;Escarres;France;;;
2012;Main 02;Grande scène;Exodus;Etats-Unis;;;
2012;Warzone;Petite scène;Extinction of Mankind;Angleterre;;;
2012;Warzone;Petite scène;From Ashes Rise;Etats-Unis;;;
2012;Main 02;Grande scène;Gama Bomb;Irlande;;;
2012;Main 01;Grande scène;Girlschool;Angleterre;;;
2012;Temple;Moyenne scène;Glorior Belli;France;;;
2012;Altar;Moyenne scène;Gorod;France;;;
2012;Main 01;Grande scène;Gotthard;Suisse;;;
2012;Main 01;Grande scène;Guns N' Roses;Etats-Unis;;;
2012;Warzone;Petite scène;H2O;Etats-Unis;;;
2012;Main 02;Grande scène;Hamlet;Espagne;;;
2012;Valley;Moyenne scène;Hank 3;Etats-Unis;;;
2012;Main 01;Grande scène;Hatebreed;Etats-Unis;;;
2012;Main 02;Grande scène;Heaven Shall Burn;Allemagne;;;
2012;Warzone;Petite scène;Hoods;Etats-Unis;;;
2012;Altar;Moyenne scène;Hour of Penance;Italie;;;
2012;Temple;Moyenne scène;Ihsahn;Norvège;;;
2012;Temple;Moyenne scène;In Extremo;Allemagne;;;
2012;Altar;Moyenne scène;Insomnium;Finlande;;;
2012;Warzone;Petite scène;Integrity;Etats-Unis;;;
2012;Altar;Moyenne scène;Jesus Cröst;Pays-Bas;;;
2012;Main 02;Grande scène;King Diamond;Danemark;;;
2012;Main 01;Grande scène;Kobra and the Lotus;Canada;;;
2012;Main 01;Grande scène;Koritni;Australie;;;
2012;Main 02;Grande scène;Lamb of God;Etats-Unis;;;
2012;Warzone;Petite scène;Lasting Values;France;;;
2012;Warzone;Petite scène;Lasting Values;France;;;
2012;Main 02;Grande scène;L'Esprit du Clan;France;;;
2012;Temple;Moyenne scène;Liturgy;Etats-Unis;;;
2012;Main 01;Grande scène;Lizzy Borden;Etats-Unis;;;
2012;Altar;Moyenne scène;Lock Up;Angleterre;;;
2012;Main 01;Grande scène;Lynyrd Skynyrd;Etats-Unis;;;
2012;Main 02;Grande scène;Machine Head;Etats-Unis;;;
2012;Warzone;Petite scène;Madball;Etats-Unis;;;
2012;Main 01;Grande scène;Megadeth;Etats-Unis;;;
2012;Temple;Moyenne scène;Merrimack;France;;;
2012;Main 01;Grande scène;Molly Hatchet;Etats-Unis;;;
2012;Valley;Moyenne scène;Monkey 3;Suisse;;;
2012;Temple;Moyenne scène;Moonsorrow;Finlande;;;
2012;Main 01;Grande scène;Mötley Crüe;Etats-Unis;;;
2012;Altar;Moyenne scène;Napalm Death;Angleterre;;;
2012;Altar;Moyenne scène;Nasum;Suède;;;
2012;Altar;Moyenne scène;Necrophagia;Etats-Unis;;;
2012;Temple;Moyenne scène;Necros Christos;Allemagne;;;
2012;Metal Corner;Petite scène;Nympherno;NA;;;
2012;Altar;Moyenne scène;Obituary;Etats-Unis;;;
2012;Warzone;Petite scène;October File;Angleterre;;;
2012;Valley;Moyenne scène;Orange Goblin;Angleterre;;;
2012;Temple;Moyenne scène;Oranssi Pazuzu;Finlande;;;
2012;Main 01;Grande scène;Ozzy & Friends;Angleterre;;;
2012;Valley;Moyenne scène;Pentagram;Etats-Unis;;;
2012;Warzone;Petite scène;Refused;Suède;;;
2012;Altar;Moyenne scène;Rompeprop;Pays-Bas;;;
2012;Main 02;Grande scène;Sacred Reich;Etats-Unis;;;
2012;Valley;Moyenne scène;Saint Vitus;Etats-Unis;;;
2012;Temple;Moyenne scène;Satyricon;Norvège;;;
2012;Main 01;Grande scène;Sebastian Bach;Canada;;;
2012;Temple;Moyenne scène;Shining;Norvège;;;
2012;Main 02;Grande scène;Slash;Angleterre;;;
2012;Temple;Moyenne scène;Sólstafir;Islande;;;
2012;Main 01;Grande scène;Steel Panther;Etats-Unis;;;
2012;Main 02;Grande scène;Street Dogs;Etats-Unis;;;
2012;Warzone;Petite scène;Strong As Ten;France;;;
2012;Altar;Moyenne scène;Sublime Cadaveric Decomposition;France;;;
2012;Altar;Moyenne scène;Suffocation;Etats-Unis;;;
2012;Main 02;Grande scène;Suicidal Angels;Grèce;;;
2012;Valley;Moyenne scène;Sunn O)));Etats-Unis;;;
2012;Temple;Moyenne scène;Taake;Norvège;;;
2012;Valley;Moyenne scène;The Atomic Bitchwax;Etats-Unis;;;
2012;Main 02;Grande scène;The Bronx;Etats-Unis;;;
2012;Valley;Moyenne scène;The Obsessed;Etats-Unis;;;
2012;Warzone;Petite scène;The Rodeo Idiot Engine;France;;;
2012;Warzone;Petite scène;The Spudmonsters;Etats-Unis;;;
2012;Valley;Moyenne scène;Thou;Etats-Unis;;;
2012;Warzone;Petite scène;Tragedy;Etats-Unis;;;
2012;Metal Corner;Petite scène;Tremplin My Rock;NA;;;
2012;Altar;Moyenne scène;Trepalium;France;;;
2012;Main 02;Grande scène;Trivium;Etats-Unis;;;
2012;Main 02;Grande scène;Turbonegro;Norvège;;;
2012;Metal Corner;Petite scène;Twisted Sisters & Nympherno;Etats-Unis;;;
2012;Valley;Moyenne scène;Ufomammut;Italie;;;
2012;Warzone;Petite scène;Unearth;Etats-Unis;;;
2012;Altar;Moyenne scène;Unexpect;Canada;;;
2012;Main 01;Grande scène;Unisonic;Allemagne;;;
2012;Valley;Moyenne scène;Unsane;Etats-Unis;;;
2012;Main 01;Grande scène;Uriah Heep;Angleterre;;;
2012;Main 01;Grande scène;Vanderbuyst;Pays-Bas;;;
2012;Warzone;Petite scène;Victims;Suède;;;
2012;Warzone;Petite scène;Vitamin X;Pays-Bas;;;
2012;Altar;Moyenne scène;Vomitory;Suède;;;
2012;Temple;Moyenne scène;Vulture Industries;Norvège;;;
2012;Main 02;Grande scène;Walls of Jericho;Etats-Unis;;;
2012;Temple;Moyenne scène;Winterfylleth;Angleterre;;;
2012;Main 01;Grande scène;Within Temptation;Pays-Bas;;;
2012;Valley;Moyenne scène;Year of No Light;France;;;
2012;Valley;Moyenne scène;YOB;Etats-Unis;;;
2013;Main 01;Grande scène;3 Doors Down;Etats-Unis;;;
2013;Valley;Moyenne scène;7 Weeks;France;;;
2013;Main 02;Grande scène;A Day to Remember;Etats-Unis;;;
2013;Temple;Moyenne scène;Absu;Etats-Unis;;;
2013;Main 01;Grande scène;Accept;Allemagne;;;
2013;Warzone;Petite scène;Agnostic Front;Etats-Unis;;;
2013;Altar;Moyenne scène;Amorphis;Finlande;;;
2013;Warzone;Petite scène;Anti-Flag;Etats-Unis;;;
2013;Main 02;Grande scène;Asking Alexandria;Angleterre;;;
2013;Altar;Moyenne scène;At the Gates;Suède;;;
2013;Warzone;Petite scène;Atari Teenage Riot;Allemagne;;;
2013;Main 01;Grande scène;Attentat Rock;France;;;
2013;Main 01;Grande scène;Audrey Horne;Norvège;;;
2013;Temple;Moyenne scène;Aura Noir;Norvège;;;
2013;Main 02;Grande scène;Avantasia;Allemagne;;;
2013;Warzone;Petite scène;Bad Religion;Etats-Unis;;;
2013;Warzone;Petite scène;Bane;Etats-Unis;;;
2013;Temple;Moyenne scène;Belphegor;Autriche;;;
2013;Warzone;Petite scène;Berri Txarrak;Espagne;;;
2013;Altar;Moyenne scène;Between the Buried and Me;Etats-Unis;;;
2013;Valley;Moyenne scène;Bison B.C.;Canada;;;
2013;Valley;Moyenne scène;Black Breath;Etats-Unis;;;
2013;Valley;Moyenne scène;Black Cobra;Etats-Unis;;;
2013;Valley;Moyenne scène;Black Pyramid;Etats-Unis;;;
2013;Main 01;Grande scène;Black Spiders;Angleterre;;;
2013;Main 02;Grande scène;Bullet for My Valentine;Pays de Galles;;;
2013;Warzone;Petite scène;Bury Your Dead;Etats-Unis;;;
2013;Warzone;Petite scène;Buzzcocks;Angleterre;;;
2013;Altar;Moyenne scène;Candlemass;Suède;;;
2013;Altar;Moyenne scène;Captain Cleanoff;Australie;;;
2013;Temple;Moyenne scène;Carpathian Forest;Norvège;;;
2013;Altar;Moyenne scène;Ceremonial Oath;Suède;;;
2013;Main 02;Grande scène;Coal Chamber;Etats-Unis;;;
2013;Warzone;Petite scène;Cockney Rejects;Angleterre;;;
2013;Warzone;Petite scène;Converge;Etats-Unis;;;
2013;Temple;Moyenne scène;Cradle of Filth;Angleterre;;;
2013;Altar;Moyenne scène;Cryptopsy;Canada;;;
2013;Valley;Moyenne scène;Cult of Luna;Suède;;;
2013;Metal Corner;Petite scène;Dancefloor Disaster;France;;;
2013;Metal Corner;Petite scène;Danforth;France;;;
2013;Main 01;Grande scène;Danko Jones;Canada;;;
2013;Valley;Moyenne scène;Danzig;Etats-Unis;;;
2013;Temple;Moyenne scène;Dark Funeral;Suède;;;
2013;Altar;Moyenne scène;Dead Congregation;Grèce;;;
2013;Warzone;Petite scène;Deez Nuts;Australie;;;
2013;Main 01;Grande scène;Def Leppard;Angleterre;;;
2013;Metal Corner;Petite scène;DJ Kurgan;France;;;
2013;Metal Corner;Petite scène;DJ Mike Rock;France;;;
2013;Metal Corner;Petite scène;DJ Spideric;France;;;
2013;Main 01;Grande scène;Down;Etats-Unis;;;
2013;Main 02;Grande scène;Dr. Living Dead!;Suède;;;
2013;Valley;Moyenne scène;Eagle Twin;Etats-Unis;;;
2013;Metal Corner;Petite scène;Ellips3;France;;;
2013;Temple;Moyenne scène;Equilibrium;Allemagne;;;
2013;Valley;Moyenne scène;Eryn Non Dae;France;;;
2013;Main 01;Grande scène;Europe;Suède;;;
2013;Altar;Moyenne scène;Evoken;Etats-Unis;;;
2013;Temple;Moyenne scène;Finntroll;Finlande;;;
2013;Warzone;Petite scène;Gallows;Angleterre;;;
2013;Main 02;Grande scène;Ghost;Suède;;;
2013;Temple;Moyenne scène;God Seed;Norvège;;;
2013;Main 01;Grande scène;Gojira;France;;;
2013;Valley;Moyenne scène;Graveyard;Suède;;;
2013;Altar;Moyenne scène;Haemorrhage;Espagne;;;
2013;Altar;Moyenne scène;Haemorrhage;Espagne;;;
2013;Main 01;Grande scène;Hardcore Superstar;Suède;;;
2013;Temple;Moyenne scène;Hate;Pologne;;;
2013;Main 02;Grande scène;Heathen;Etats-Unis;;;
2013;Main 01;Grande scène;Heaven's Basement;Angleterre;;;
2013;Temple;Moyenne scène;Hell Militia;France;;;
2013;Main 02;Grande scène;Helloween;Allemagne;;;
2013;Main 02;Grande scène;Hellyeah;Etats-Unis;;;
2013;Altar;Moyenne scène;Hooded Menace;Finlande;;;
2013;Altar;Moyenne scène;Hypocrisy;Suède;;;
2013;Temple;Moyenne scène;Ihsahn;Norvège;;;
2013;Temple;Moyenne scène;Immortal;Norvège;;;
2013;Temple;Moyenne scène;Inquisition;"Colombie
";;;
2013;Warzone;Petite scène;Justin(e);France;;;
2013;Temple;Moyenne scène;Kampfar;Norvège;;;
2013;Valley;Moyenne scène;Karma to Burn;Etats-Unis;;;
2013;Metal Corner;Petite scène;Karma Zero;France;;;
2013;Main 01;Grande scène;Kiss;Etats-Unis;;;
2013;Main 01;Grande scène;Kissin' Dynamite;Allemagne;;;
2013;Main 02;Grande scène;Ko?n;Etats-Unis;;;
2013;Temple;Moyenne scène;Koldbrann;Norvège;;;
2013;Temple;Moyenne scène;Korpiklaani;Finlande;;;
2013;Main 02;Grande scène;Kreator;Allemagne;;;
2013;Altar;Moyenne scène;Krisiun;Brésil;;;
2013;Main 01;Grande scène;Krokus;Suisse;;;
2013;Warzone;Petite scène;Le Bal des Enragés;France;;;
2013;Temple;Moyenne scène;Leprous;Norvège;;;
2013;Main 02;Grande scène;Lordi;Finlande;;;
2013;Valley;Moyenne scène;Manilla Road;Etats-Unis;;;
2013;Temple;Moyenne scène;Marduk;Suède;;;
2013;Main 02;Grande scène;Mass Hysteria;France;;;
2013;Altar;Moyenne scène;Misanthrope;France;;;
2013;Altar;Moyenne scène;Misery Index;Etats-Unis;;;
2013;Altar;Moyenne scène;Monstrosity;Etats-Unis;;;
2013;Altar;Moyenne scène;Moonspell;Portugal;;;
2013;Altar;Moyenne scène;Morbid Angel;Etats-Unis;;;
2013;Main 01;Grande scène;Mustasch;Suède;;;
2013;Altar;Moyenne scène;My Dying Bride;Angleterre;;;
2013;Valley;Moyenne scène;My Sleeping Karma;Allemagne;;;
2013;Altar;Moyenne scène;Napalm Death;Angleterre;;;
2013;Warzone;Petite scène;Negative Approach;Etats-Unis;;;
2013;Valley;Moyenne scène;Neurosis;Etats-Unis;;;
2013;Main 01;Grande scène;Newsted;Etats-Unis;;;
2013;Warzone;Petite scène;NOFX;Etats-Unis;;;
2013;Altar;Moyenne scène;Old Dead Tree;France;;;
2013;Main 02;Grande scène;P.O.D.;Etats-Unis;;;
2013;Valley;Moyenne scène;Pallbearer;Etats-Unis;;;
2013;Main 02;Grande scène;Papa Roach;Etats-Unis;;;
2013;Main 02;Grande scène;Parkway Drive;Australie;;;
2013;Metal Corner;Petite scène;Pictured;France;;;
2013;Altar;Moyenne scène;Pig Destroyer;Etats-Unis;;;
2013;Temple;Moyenne scène;Primordial;Irlande;;;
2013;Valley;Moyenne scène;Procession;Chili;;;
2013;Main 02;Grande scène;Prong;Etats-Unis;;;
2013;Warzone;Petite scène;Punish Yourself;France;;;
2013;Valley;Moyenne scène;Red Fang;Etats-Unis;;;
2013;Valley;Moyenne scène;Regarde les hommes tomber;France;;;
2013;Warzone;Petite scène;Retox;Etats-Unis;;;
2013;Main 02;Grande scène;Riverside;Pologne;;;
2013;Temple;Moyenne scène;Rotting Christ;Grèce;;;
2013;Main 01;Grande scène;Saxon;Angleterre;;;
2013;Warzone;Petite scène;Senser;Angleterre;;;
2013;Temple;Moyenne scène;Seth;France;;;
2013;Warzone;Petite scène;Sick of It All;Etats-Unis;;;
2013;Altar;Moyenne scène;Sinister;Pays-Bas;;;
2013;Altar;Moyenne scène;Six Feet Under;Etats-Unis;;;
2013;Main 02;Grande scène;Skindred;Pays de Galles;;;
2013;Valley;Moyenne scène;Sleep;Etats-Unis;;;
2013;Valley;Moyenne scène;Spiritual Beggars;Suède;;;
2013;Valley;Moyenne scène;Srutr;France;;;
2013;Main 02;Grande scène;SSS;Angleterre;;;
2013;Temple;Moyenne scène;Stille Volk;France;;;
2013;Main 01;Grande scène;Stone Sour;Etats-Unis;;;
2013;Temple;Moyenne scène;Svart Crown;France;;;
2013;Valley;Moyenne scène;Swans;Etats-Unis;;;
2013;Main 02;Grande scène;Symphony X;Etats-Unis;;;
2013;Altar;Moyenne scène;T.A.N.K. (Think of A New Kind);France;;;
2013;Warzone;Petite scène;Terror;Etats-Unis;;;
2013;Main 02;Grande scène;Testament;Etats-Unis;;;
2013;Main 02;Grande scène;The ARRS;France;;;
2013;Warzone;Petite scène;The Casualties;Etats-Unis;;;
2013;Warzone;Petite scène;The Decline!;France;;;
2013;Main 02;Grande scène;The Ghost Inside;Etats-Unis;;;
2013;Temple;Moyenne scène;The Great Old Ones;France;;;
2013;Temple;Moyenne scène;The Secret;Italie;;;
2013;Valley;Moyenne scène;The Sword;Etats-Unis;;;
2013;Warzone;Petite scène;The Toy Dolls;Angleterre;;;
2013;Warzone;Petite scène;Treponem Pal;France;;;
2013;Valley;Moyenne scène;Truckfighters;Suède;;;
2013;Main 01;Grande scène;Twisted Sister;Etats-Unis;;;
2013;Temple;Moyenne scène;Týr;Îles Féroé;;;
2013;Valley;Moyenne scène;Uncle Acid and the Deadbeats;Angleterre;;;
2013;Warzone;Petite scène;Unearth;Etats-Unis;;;
2013;Main 02;Grande scène;Vektor;Etats-Unis;;;
2013;Warzone;Petite scène;Vera Cruz;France;;;
2013;Metal Corner;Petite scène;Voight Kampff;France;;;
2013;Main 02;Grande scène;Voivod;Canada;;;
2013;Main 01;Grande scène;Volbeat;Danemark;;;
2013;Main 01;Grande scène;Waltari;Finlande;;;
2013;Metal Corner;Petite scène;War Inside;France;;;
2013;Main 01;Grande scène;Whitesnake;Angleterre;;;
2013;Metal Corner;Petite scène;Wild Dawn;France;;;
2013;Altar;Moyenne scène;Wintersun;Finlande;;;
2013;Valley;Moyenne scène;Witchcraft;Suède;;;
2013;Main 01;Grande scène;ZZ Top;Etats-Unis;;;
2014;Temple;Moyenne scène;1349;Norvège;;;
2014;Main 01;Grande scène;Aerosmith;Etats-Unis;;;
2014;Warzone;Petite scène;Against Me!;Etats-Unis;;;
2014;Main 01;Grande scène;Alter Bridge;Etats-Unis;;;
2014;Main 02;Grande scène;Angelus Apatrida;Espagne;;;
2014;Main 02;Grande scène;Angra;Brésil;;;
2014;Main 02;Grande scène;Annihilator;Canada;;;
2014;Metal Corner;Petite scène;Antharès;France;;;
2014;Main 02;Grande scène;Avenged Sevenfold;Etats-Unis;;;
2014;Warzone;Petite scène;Ays;Allemagne;;;
2014;Temple;Moyenne scène;Azziard;France;;;
2014;Main 02;Grande scène;Behemoth;Pologne;;;
2014;Altar;Moyenne scène;Benighted;France;;;
2014;Temple;Moyenne scène;Black Label Society;Etats-Unis;;;
2014;Main 01;Grande scène;Black Sabbath;Angleterre;;;
2014;Valley;Moyenne scène;Black Tusk;Etats-Unis;;;
2014;Warzone;Petite scène;BL'AST!;Etats-Unis;;;
2014;Altar;Moyenne scène;Blockheads;Angleterre;;;
2014;Main 01;Grande scène;Blues Pills;Suède;;;
2014;Temple;Moyenne scène;Borgne;Suisse;;;
2014;Metal Corner;Petite scène;Breakdust;France;;;
2014;Altar;Moyenne scène;Brutal Truth;Etats-Unis;;;
2014;Warzone;Petite scène;Brutality Will Prevail;Pays de Galles;;;
2014;Main 02;Grande scène;Buckcherry;Etats-Unis;;;
2014;Warzone;Petite scène;Burning Heads;France;;;
2014;Altar;Moyenne scène;Carcass;Angleterre;;;
2014;Altar;Moyenne scène;Carnal Lust;France;;;
2014;Valley;Moyenne scène;Caspian;Etats-Unis;;;
2014;Valley;Moyenne scène;Clutch;Etats-Unis;;;
2014;Warzone;Petite scène;Cobra;Japon;;;
2014;Metal Corner;Petite scène;Colossus;France;;;
2014;Warzone;Petite scène;Comeback Kid;Canada;;;
2014;Valley;Moyenne scène;Conan;Angleterre;;;
2014;Main 01;Grande scène;Crossfaith;Japon;;;
2014;Main 01;Grande scène;Crowbar;Etats-Unis;;;
2014;Warzone;Petite scène;Crushing Caspars;Allemagne;;;
2014;Main 02;Grande scène;Dagoba;France;;;
2014;Main 01;Grande scène;Dark Angel;Etats-Unis;;;
2014;Main 02;Grande scène;Darkness Dynamite;France;;;
2014;Metal Corner;Petite scène;Deadly Whispers;France;;;
2014;Main 02;Grande scène;Death Angel;Etats-Unis;;;
2014;Altar;Moyenne scène;Death to All;Etats-Unis;;;
2014;Main 01;Grande scène;Deep Purple;Angleterre;;;
2014;Temple;Moyenne scène;Deströyer 666;Australie;;;
2014;Metal Corner;Petite scène;DJ Mike Rock;France;;;
2014;Metal Corner;Petite scène;DJ X-Gore;France;;;
2014;Temple;Moyenne scène;Dordeduh;Roumanie;;;
2014;Valley;Moyenne scène;Downfall of Gaia;Allemagne;;;
2014;Main 02;Grande scène;Doyle Airence;France;;;
2014;Valley;Moyenne scène;Dozer;Suède;;;
2014;Valley;Moyenne scène;Electric Wizard;Angleterre;;;
2014;Temple;Moyenne scène;Eluveitie;Suisse;;;
2014;Main 02;Grande scène;Emperor;Norvège;;;
2014;Temple;Moyenne scène;Enslaved;Norvège;;;
2014;Temple;Moyenne scène;Equilibrium;Allemagne;;;
2014;Main 01;Grande scène;Extreme;Etats-Unis;;;
2014;Warzone;Petite scène;First Blood;Etats-Unis;;;
2014;Warzone;Petite scène;Flogging Molly;Etats-Unis;;;
2014;Main 02;Grande scène;Fueled by Fire;Etats-Unis;;;
2014;Temple;Moyenne scène;Gehenna;Norvège;;;
2014;Valley;Moyenne scène;Godflesh;Angleterre;;;
2014;Temple;Moyenne scène;Gorgoroth;Norvège;;;
2014;Altar;Moyenne scène;Gorguts;Canada;;;
2014;Altar;Moyenne scène;Hail of Bullets;Pays-Bas;;;
2014;Valley;Moyenne scène;Hark;Pays de Galles;;;
2014;Main 02;Grande scène;Hatebreed;Etats-Unis;;;
2014;Valley;Moyenne scène;Herder;Pays-Bas;;;
2014;Valley;Moyenne scène;House of the Broken Promises;Etats-Unis;;;
2014;Temple;Moyenne scène;Impaled Nazarene;Finlande;;;
2014;Temple;Moyenne scène;Impiety;Singapour;;;
2014;Main 02;Grande scène;In Solitude;Suède;;;
2014;Altar;Moyenne scène;Incantation;Etats-Unis;;;
2014;Main 01;Grande scène;Iron Maiden;Angleterre;;;
2014;Valley;Moyenne scène;Kadavar;Allemagne;;;
2014;Altar;Moyenne scène;Kataklysm;Canada;;;
2014;Main 01;Grande scène;Killers;France;;;
2014;Altar;Moyenne scène;Kronos;France;;;
2014;Warzone;Petite scène;Kvelertak;Norvège;;;
2014;Valley;Moyenne scène;Kylesa;Etats-Unis;;;
2014;Warzone;Petite scène;Last Resort;Angleterre;;;
2014;Main 01;Grande scène;Lez Zeppelin;Etats-Unis;;;
2014;Main 01;Grande scène;Lofofora;France;;;
2014;Altar;Moyenne scène;Loudblast;France;;;
2014;Valley;Moyenne scène;Lowrider;Suède;;;
2014;Main 02;Grande scène;M.O.D.;Etats-Unis;;;
2014;Warzone;Petite scène;Mad Sin;Allemagne;;;
2014;Valley;Moyenne scène;Mars Red Sky;France;;;
2014;Altar;Moyenne scène;Mercyless;France;;;
2014;Warzone;Petite scène;Millencolin;Suède;;;
2014;Warzone;Petite scène;Misconduct;Suède;;;
2014;Warzone;Petite scène;Misfits;Etats-Unis;;;
2014;Main 02;Grande scène;Miss May I;Etats-Unis;;;
2014;Valley;Moyenne scène;Monster Magnet;Etats-Unis;;;
2014;Valley;Moyenne scène;Mos Generator;Etats-Unis;;;
2014;Warzone;Petite scène;Nasty;Belgique;;;
2014;Temple;Moyenne scène;Necroblood;France;;;
2014;Temple;Moyenne scène;Nefarium;Italie;;;
2014;Valley;Moyenne scène;Neurosis;Etats-Unis;;;
2014;Main 01;Grande scène;Nightmare;France;;;
2014;Altar;Moyenne scène;Nile;Etats-Unis;;;
2014;Metal Corner;Petite scène;No Jogging for Today;France;;;
2014;Altar;Moyenne scène;Nocturnus A.D.;Etats-Unis;;;
2014;Altar;Moyenne scène;Obliteration;Norvège;;;
2014;Main 02;Grande scène;Of Mice and Men;Etats-Unis;;;
2014;Altar;Moyenne scène;Opeth;Suède;;;
2014;Altar;Moyenne scène;Paradise Lost;Angleterre;;;
2014;Valley;Moyenne scène;Phil Anselmo and the Illegals;Etats-Unis;;;
2014;Main 01;Grande scène;Powerman 5000;Etats-Unis;;;
2014;Main 02;Grande scène;Powerwolf;Allemagne;;;
2014;Warzone;Petite scène;Pro-Pain;Etats-Unis;;;
2014;Warzone;Petite scène;Protest the Hero;Canada;;;
2014;Altar;Moyenne scène;Repulsion;Etats-Unis;;;
2014;Main 01;Grande scène;Rob Zombie;Etats-Unis;;;
2014;Valley;Moyenne scène;Royal Thunder;Etats-Unis;;;
2014;Temple;Moyenne scène;Ruins of Beverast;Allemagne;;;
2014;Main 01;Grande scène;Sabaton;Suède;;;
2014;Main 01;Grande scène;Satan;Angleterre;;;
2014;Valley;Moyenne scène;Satan's Satyrs;Etats-Unis;;;
2014;Altar;Moyenne scène;Schirenc;Autriche;;;
2014;Main 02;Grande scène;Scorpion Child;Etats-Unis;;;
2014;Main 01;Grande scène;Seether;Afrique du Sud;;;
2014;Altar;Moyenne scène;Septic Flesh;Grèce;;;
2014;Main 02;Grande scène;Sepultura;Brésil;;;
2014;Temple;Moyenne scène;Shining;Norvège;;;
2014;Metal Corner;Petite scène;Showtime;France;;;
2014;Main 01;Grande scène;Skid Row;Etats-Unis;;;
2014;Temple;Moyenne scène;Skyclad;Angleterre;;;
2014;Warzone;Petite scène;Slapshot;Etats-Unis;;;
2014;Main 02;Grande scène;Slayer;Etats-Unis;;;
2014;Metal Corner;Petite scène;So What!;France;;;
2014;Altar;Moyenne scène;Soilwork;Suède;;;
2014;Temple;Moyenne scène;Sólstafir;Islande;;;
2014;Main 02;Grande scène;Soulfly;Brésil;;;
2014;Main 01;Grande scène;Soundgarden;Etats-Unis;;;
2014;Valley;Moyenne scène;Spirit Caravan;Etats-Unis;;;
2014;Main 01;Grande scène;Status Quo;Angleterre;;;
2014;Warzone;Petite scène;Stick to Your Guns;Etats-Unis;;;
2014;Warzone;Petite scène;Stinky Bollocks;France;;;
2014;Valley;Moyenne scène;Subrosa;Etats-Unis;;;
2014;Altar;Moyenne scène;SUP;France;;;
2014;Warzone;Petite scène;Tagada Jones;France;;;
2014;Temple;Moyenne scène;Temple of Baal;France;;;
2014;Altar;Moyenne scène;The Black Dahlia Murder;Etats-Unis;;;
2014;Warzone;Petite scène;The Bones;Suède;;;
2014;Metal Corner;Petite scène;The Nuklear Rokin Krew;France;;;
2014;Temple;Moyenne scène;The Order of Apollyon;Angleterre;;;
2014;Main 01;Grande scène;Therapy?;Irlande;;;
2014;Main 02;Grande scène;Toxic Holocaust;Etats-Unis;;;
2014;Main 02;Grande scène;Trivium;Etats-Unis;;;
2014;Temple;Moyenne scène;Trollfest;Norvège;;;
2014;Temple;Moyenne scène;Tsjuder;Norvège;;;
2014;Warzone;Petite scène;Turbonegro;Norvège;;;
2014;Temple;Moyenne scène;Turisas;Finlande;;;
2014;Altar;Moyenne scène;Ulcerate;Nouvelle-Zélande;;;
2014;Valley;Moyenne scène;Unida;Etats-Unis;;;
2014;Altar;Moyenne scène;Unleashed;Suède;;;
2014;Temple;Moyenne scène;Urfaust;Pays-Bas;;;
2014;Temple;Moyenne scène;Vreid Sognametal;Norvège;;;
2014;Main 01;Grande scène;Walking Papers;Etats-Unis;;;
2014;Warzone;Petite scène;Walls of Jericho;Etats-Unis;;;
2014;Metal Corner;Petite scène;Walnut Grove DC;France;;;
2014;Temple;Moyenne scène;Watain;Suède;;;
2014;Valley;Moyenne scène;Watertank;France;;;
2014;Main 02;Grande scène;We Came as Romans;Etats-Unis;;;
2014;Altar;Moyenne scène;Weekend Nachos;Etats-Unis;;;
2014;Valley;Moyenne scène;Witch Mountain;Etats-Unis;;;
2014;Main 02;Grande scène;Year of the Goat;Suède;;;
2014;Valley;Moyenne scène;Zodiac;Allemagne;;;
2015;Main 01;Grande scène;A Day to Remember;Etats-Unis;;;
2015;Main 01;Grande scène;Ace Frehley;Etats-Unis;;;
2015;Valley;Moyenne scène;Ahab;Etats-Unis;;;
2015;Main 01;Grande scène;Airbourne;Australie;;;
2015;Temple;Moyenne scène;Alestorm;Ecosse;;;
2015;Main 01;Grande scène;Alice Cooper;Etats-Unis;;;
2015;Altar;Moyenne scène;Arch Enemy;Suède;;;
2015;Temple;Moyenne scène;Argile;France;;;
2015;Temple;Moyenne scène;Arkona;Russie;;;
2015;Main 01;Grande scène;Armored Saint;Etats-Unis;;;
2015;Valley;Moyenne scène;ASG;Etats-Unis;;;
2015;Altar;Moyenne scène;At the Gates;Suède;;;
2015;Main 02;Grande scène;Backyard Babies;Suède;;;
2015;Main 01;Grande scène;Billy Idol;Angleterre;;;
2015;Warzone;Petite scène;Biohazard;Etats-Unis;;;
2015;Warzone;Petite scène;Birds in Raw;France;;;
2015;Altar;Moyenne scène;Bloodbath;Suède;;;
2015;Warzone;Petite scène;Body Count ft. Ice-T;Etats-Unis;;;
2015;Altar;Moyenne scène;Bölzer;Suisse;;;
2015;Valley;Moyenne scène;Brant Bjork and the Bros;Etats-Unis;;;
2015;Main 02;Grande scène;Breakdust;France;;;
2015;Warzone;Petite scène;Broken Teeth;Angleterre;;;
2015;Main 01;Grande scène;Butcher Babies;Etats-Unis;;;
2015;Altar;Moyenne scène;Cannibal Corpse;Etats-Unis;;;
2015;Temple;Moyenne scène;Carach Angren;Pays-Bas;;;
2015;Main 01;Grande scène;Cavalera Conspiracy;Brésil;;;
2015;Metal Corner;Petite scène;Chiens;France;;;
2015;Altar;Moyenne scène;Children of Bodom;Finlande;;;
2015;Altar;Moyenne scène;Cock and Ball Torture;Allemagne;;;
2015;Warzone;Petite scène;Cock Sparrer;Angleterre;;;
2015;Warzone;Petite scène;Code Orange;Etats-Unis;;;
2015;Altar;Moyenne scène;Coffins;Japon;;;
2015;Temple;Moyenne scène;Cradle of Filth;Angleterre;;;
2015;Temple;Moyenne scène;Craft;Suède;;;
2015;Altar;Moyenne scène;Crusher;France;;;
2015;Main 02;Grande scène;Dark Tranquility;Suède;;;
2015;Warzone;Petite scène;Dead Kennedys;Etats-Unis;;;
2015;Valley;Moyenne scène;Death Engine;France;;;
2015;Altar;Moyenne scène;Deep in Hate;France;;;
2015;Warzone;Petite scène;Defeater;Etats-Unis;;;
2015;Temple;Moyenne scène;Der Weg einer Freiheit;Allemagne;;;
2015;Warzone;Petite scène;Despise You;Etats-Unis;;;
2015;Altar;Moyenne scène;Desultory;Suède;;;
2015;Metal Corner;Petite scène;DJ Mike Rock;France;;;
2015;Metal Corner;Petite scène;DJ X-Gore;France;;;
2015;Temple;Moyenne scène;Doctor Livingstone;France;;;
2015;Altar;Moyenne scène;Dying Fetus;Etats-Unis;;;
2015;Valley;Moyenne scène;Elder;Etats-Unis;;;
2015;Metal Corner;Petite scène;Enlighted;France;;;
2015;Temple;Moyenne scène;Ensiferum;Finlande;;;
2015;Temple;Moyenne scène;Enthroned;Belgique;;;
2015;Valley;Moyenne scène;Envy;Japon;;;
2015;Main 02;Grande scène;Epica;Pays-Bas;;;
2015;Main 01;Grande scène;Eths;France;;;
2015;Main 02;Grande scène;Exodus;Etats-Unis;;;
2015;Valley;Moyenne scène;Eyehategod;Etats-Unis;;;
2015;Main 02;Grande scène;Faith No More;Etats-Unis;;;
2015;Temple;Moyenne scène;Finntroll;Finlande;;;
2015;Main 02;Grande scène;Five Finger Death Punch;Etats-Unis;;;
2015;Main 02;Grande scène;Ghost Brigade;Finlande;;;
2015;Valley;Moyenne scène;Glowsun;France;;;
2015;Main 02;Grande scène;Godsmack;Etats-Unis;;;
2015;Temple;Moyenne scène;Grave Pleasures (Beastmilk);Finlande;;;
2015;Main 01;Grande scène;Guida;Italie;;;
2015;Main 02;Grande scène;Haken;Angleterre;;;
2015;Main 01;Grande scène;Hawk Eyes;Angleterre;;;
2015;Metal Corner;Petite scène;Heart Attack;France;;;
2015;Valley;Moyenne scène;High on Fire;Etats-Unis;;;
2015;Main 01;Grande scène;Hollywood Undead;Etats-Unis;;;
2015;Altar;Moyenne scène;Hypno5e;France;;;
2015;Temple;Moyenne scène;In Extremo;Allemagne;;;
2015;Main 02;Grande scène;In Flames;Suède;;;
2015;Temple;Moyenne scène;Infestus;Allemagne;;;
2015;Main 02;Grande scène;Iron Reagan;Etats-Unis;;;
2015;Main 01;Grande scène;Judas Priest;Angleterre;;;
2015;Metal Corner;Petite scène;Kause for Konflikt;France;;;
2015;Temple;Moyenne scène;Khold;Norvège;;;
2015;Main 02;Grande scène;Killing Joke;Angleterre;;;
2015;Main 01;Grande scène;Ko?n;Etats-Unis;;;
2015;Main 02;Grande scène;L7;Etats-Unis;;;
2015;Main 02;Grande scène;Lamb of God;Etats-Unis;;;
2015;Metal Corner;Petite scène;Leather Priest;France;;;
2015;Altar;Moyenne scène;Leng Tch'e;Belgique;;;
2015;Warzone;Petite scène;Les Ramoneurs de Menhirs;France;;;
2015;Valley;Moyenne scène;Life of Agony;Etats-Unis;;;
2015;Main 01;Grande scène;Limp Bizkit;Etats-Unis;;;
2015;Warzone;Petite scène;Lion's Law;France;;;
2015;Main 02;Grande scène;Lost Society;Finlande;;;
2015;Valley;Moyenne scène;Machete;France;;;
2015;Warzone;Petite scène;Madball;Etats-Unis;;;
2015;Metal Corner;Petite scène;Malkavian;France;;;
2015;Main 02;Grande scène;Marilyn Manson;Etats-Unis;;;
2015;Valley;Moyenne scène;Mastodon;Etats-Unis;;;
2015;Metal Corner;Petite scène;Matt Socks;NA;;;
2015;Temple;Moyenne scène;Mayhem;Norvège;;;
2015;Temple;Moyenne scène;Melechesh;Pays-Bas;;;
2015;Warzone;Petite scène;Merauder;Etats-Unis;;;
2015;Altar;Moyenne scène;Meshuggah;Suède;;;
2015;Valley;Moyenne scène;Midnight Ghost Train;Etats-Unis;;;
2015;Metal Corner;Petite scène;Mobutu;France;;;
2015;Valley;Moyenne scène;Monarch!;France;;;
2015;Altar;Moyenne scène;Morgoth;Allemagne;;;
2015;Main 02;Grande scène;Motionless in White;Etats-Unis;;;
2015;Main 01;Grande scène;Motörhead;Angleterre;;;
2015;Temple;Moyenne scène;Mütiilation;France;;;
2015;Altar;Moyenne scène;Ne Obliviscaris;Australie;;;
2015;Altar;Moyenne scène;Necrowretch;France;;;
2015;Temple;Moyenne scène;Nidingr;Norvège;;;
2015;Main 02;Grande scène;Nightwish;Finlande;;;
2015;Main 02;Grande scène;No Return;France;;;
2015;Warzone;Petite scène;NOFX;Etats-Unis;;;
2015;Main 02;Grande scène;Nuclear Assault;Etats-Unis;;;
2015;Altar;Moyenne scène;Obituary;Etats-Unis;;;
2015;Warzone;Petite scène;Off!;Etats-Unis;;;
2015;Altar;Moyenne scène;Onslaught;Angleterre;;;
2015;Metal Corner;Petite scène;Opium du Peuple;France;;;
2015;Valley;Moyenne scène;Orange Goblin;Angleterre;;;
2015;Valley;Moyenne scène;Orchid;Etats-Unis;;;
2015;Warzone;Petite scène;Peter and the Test Tube Babies;Angleterre;;;
2015;Altar;Moyenne scène;Prostitute Disfigurement;Pays-Bas;;;
2015;Warzone;Petite scène;Providence;France;;;
2015;Main 01;Grande scène;Red Fang;Etats-Unis;;;
2015;Warzone;Petite scène;Rise of the Northstar;France;;;
2015;Valley;Moyenne scène;Russian Circles;Etats-Unis;;;
2015;Valley;Moyenne scène;Saint Vitus;Etats-Unis;;;
2015;Temple;Moyenne scène;Samael;Suisse;;;
2015;Valley;Moyenne scène;Samsara Blues Experiment;Allemagne;;;
2015;Temple;Moyenne scène;Satyricon;Norvège;;;
2015;Main 01;Grande scène;Scorpions;Allemagne;;;
2015;Altar;Moyenne scène;Shape of Despair;Finlande;;;
2015;Temple;Moyenne scène;Shining;Norvège;;;
2015;Altar;Moyenne scène;Skinless;Etats-Unis;;;
2015;Temple;Moyenne scène;Skyforger;Lettonie;;;
2015;Main 01;Grande scène;Slash;Angleterre;;;
2015;Main 02;Grande scène;Slipknot;Etats-Unis;;;
2015;Warzone;Petite scène;Snot;Etats-Unis;;;
2015;Main 02;Grande scène;Sodom;Allemagne;;;
2015;Main 01;Grande scène;Sticky Boys;France;;;
2015;Altar;Moyenne scène;SUP;France;;;
2015;Valley;Moyenne scène;Superjoint Ritual;Etats-Unis;;;
2015;Main 02;Grande scène;Sylosis;Angleterre;;;
2015;Valley;Moyenne scène;Terra Tenebrosa;Suède;;;
2015;Warzone;Petite scène;Terror;Etats-Unis;;;
2015;Main 01;Grande scène;The Answer;Irlande du Nord;;;
2015;Altar;Moyenne scène;The Crown;Suède;;;
2015;Warzone;Petite scène;The Exploited;Ecosse;;;
2015;Temple;Moyenne scène;The Great Old Ones;France;;;
2015;Main 02;Grande scène;The Haunted;Suède;;;
2015;Main 01;Grande scène;The Quireboys;Angleterre;;;
2015;Valley;Moyenne scène;The Wounded Kings;Angleterre;;;
2015;Warzone;Petite scène;Trap Them;Etats-Unis;;;
2015;Altar;Moyenne scène;Tribulation;Suède;;;
2015;Valley;Moyenne scène;Triggerfinger;Belgique;;;
2015;Temple;Moyenne scène;Triptykon;Suisse;;;
2015;Valley;Moyenne scène;Truckfighters;Suède;;;
2015;Warzone;Petite scène;Twitching Tongues;Etats-Unis;;;
2015;Altar;Moyenne scène;Vallenfyre;Angleterre;;;
2015;Temple;Moyenne scène;Venom;Angleterre;;;
2015;Warzone;Petite scène;Vitamin X;Pays-Bas;;;
2015;Temple;Moyenne scène;Vorkreist;France;;;
2015;Main 01;Grande scène;Vulcain;France;;;
2015;Warzone;Petite scène;Wampas;France;;;
2015;Main 02;Grande scène;We Are Harlot;Etats-Unis;;;
2015;Valley;Moyenne scène;Weedeater;Etats-Unis;;;
2015;Valley;Moyenne scène;Witchthroat Serpent;France;;;
2015;Warzone;Petite scène;Wolfbrigade;Suède;;;
2015;Valley;Moyenne scène;Wovenhand;Etats-Unis;;;
2015;Main 02;Grande scène;Zuul FX;France;;;
2015;Main 01;Grande scène;ZZ Top;Etats-Unis;;;
2016;Temple;Moyenne scène;Abbath;Norvège;;;
2016;Altar;Moyenne scène;Agoraphobic Nosebleed;Etats-Unis;;;
2016;Altar;Moyenne scène;Agressor;France;;;
2016;Warzone;Petite scène;Alea Jacta Est;France;;;
2016;Warzone;Petite scène;All Pigs Must Die;Etats-Unis;;;
2016;Main 02;Grande scène;Amon Amarth;Suède;;;
2016;Metal Corner;Petite scène;Angry Days;France;;;
2016;Main 01;Grande scène;Anthrax;Etats-Unis;;;
2016;Temple;Moyenne scène;Archgoat;Finlande;;;
2016;Main 02;Grande scène;Arthemis;Italie;;;
2016;Altar;Moyenne scène;Asphyx;Pays-Bas;;;
2016;Main 02;Grande scène;Atreyu;Etats-Unis;;;
2016;Main 02;Grande scène;Audrey Horne;Norvège;;;
2016;Main 02;Grande scène;August Burns Red;Etats-Unis;;;
2016;Temple;Moyenne scène;Aura Noir;Norvège;;;
2016;Metal Corner;Petite scène;Awekening Sun;Lithuanie;;;
2016;Warzone;Petite scène;Backtrack;Etats-Unis;;;
2016;Warzone;Petite scène;Bad Religion;Etats-Unis;;;
2016;Metal Corner;Petite scène;Bain de Sang;France;;;
2016;Temple;Moyenne scène;Behexen;Finlande;;;
2016;Main 01;Grande scène;Black Sabbath;Angleterre;;;
2016;Main 02;Grande scène;Blind Guardian;Allemagne;;;
2016;Metal Corner;Petite scène;Blobfish Killer;France;;;
2016;Main 02;Grande scène;Bring Me the Horizon;Angleterre;;;
2016;Altar;Moyenne scène;Brodequin;Etats-Unis;;;
2016;Main 01;Grande scène;Bullet for My Valentine;Pays de Galles;;;
2016;Main 02;Grande scène;Bury Tomorrow;Angleterre;;;
2016;Warzone;Petite scène;Caliban;Allemagne;;;
2016;Altar;Moyenne scène;Cattle Decapitation;Etats-Unis;;;
2016;Metal Corner;Petite scène;Chronicles;France;;;
2016;Warzone;Petite scène;Converge;Etats-Unis;;;
2016;Altar;Moyenne scène;Corrosive Elements;France;;;
2016;Warzone;Petite scène;Cowards;France;;;
2016;Valley;Moyenne scène;Crobot;Etats-Unis;;;
2016;Temple;Moyenne scène;Cruachan;Irlande;;;
2016;Metal Corner;Petite scène;Dance Laury Dance;NA;;;
2016;Temple;Moyenne scène;Dark Fortress;Allemagne;;;
2016;Temple;Moyenne scène;Dark Funeral;Suède;;;
2016;Valley;Moyenne scène;Death Alley;Pays-Bas;;;
2016;Temple;Moyenne scène;Deicide;Etats-Unis;;;
2016;Main 01;Grande scène;Delain;Pays-Bas;;;
2016;Warzone;Petite scène;Dirty Fonzy;France;;;
2016;Warzone;Petite scène;Discharge;Angleterre;;;
2016;Main 02;Grande scène;Disturbed;Etats-Unis;;;
2016;Metal Corner;Petite scène;DJ Mike Rock;France;;;
2016;Metal Corner;Petite scène;DJ Pam Lee;NA;;;
2016;Metal Corner;Petite scène;DJ Twisted Sisters;Etats-Unis;;;
2016;Main 02;Grande scène;DragonForce;Angleterre;;;
2016;Main 02;Grande scène;Dropkick Murphys;Etats-Unis;;;
2016;Altar;Moyenne scène;Drowned;Allemagne;;;
2016;Altar;Moyenne scène;Dust Bolt;Allemagne;;;
2016;Valley;Moyenne scène;Earth;Etats-Unis;;;
2016;Temple;Moyenne scène;Empyrium;Allemagne;;;
2016;Temple;Moyenne scène;Enslaved;Norvège;;;
2016;Altar;Moyenne scène;Entombed A.D.;Suède;;;
2016;Altar;Moyenne scène;Entrails;Suède;;;
2016;Altar;Moyenne scène;Fallujah;Etats-Unis;;;
2016;Temple;Moyenne scène;Fleshgod Apocalypse;Italie;;;
2016;Main 01;Grande scène;Foreigner;Etats-Unis;;;
2016;Valley;Moyenne scène;Fu Manchu;Etats-Unis;;;
2016;Main 02;Grande scène;Ghost;Suède;;;
2016;Main 01;Grande scène;Glenn Hughes;Angleterre;;;
2016;Valley;Moyenne scène;Goatsnake;Etats-Unis;;;
2016;Main 01;Grande scène;Gojira;France;;;
2016;Altar;Moyenne scène;Grand Magus;Suède;;;
2016;Warzone;Petite scène;Gutterdämmerung;NA;;;
2016;Main 01;Grande scène;Halestorm;Etats-Unis;;;
2016;Valley;Moyenne scène;Hangman's Chair;France;;;
2016;Warzone;Petite scène;Harm's Way;Etats-Unis;;;
2016;Main 02;Grande scène;Hatebreed;Etats-Unis;;;
2016;Altar;Moyenne scène;Havok;Etats-Unis;;;
2016;Warzone;Petite scène;Heaven Shall Burn;Allemagne;;;
2016;Temple;Moyenne scène;Hegemon;France;;;
2016;Temple;Moyenne scène;Heidevolk;Pays-Bas;;;
2016;Valley;Moyenne scène;Hermano;Etats-Unis;;;
2016;Temple;Moyenne scène;Inquisition;"Colombie
";;;
2016;Altar;Moyenne scène;Insomnium;Finlande;;;
2016;Valley;Moyenne scène;Jambinai;Corée du Sud;;;
2016;Valley;Moyenne scène;Jane's Addiction;Etats-Unis;;;
2016;Main 01;Grande scène;Joe Satriani;Etats-Unis;;;
2016;Valley;Moyenne scène;Kadavar;Allemagne;;;
2016;Metal Corner;Petite scène;Kakothanasy;Suisse;;;
2016;Temple;Moyenne scène;Kampfar;Norvège;;;
2016;Altar;Moyenne scène;Katatonia;Suède;;;
2016;Warzone;Petite scène;Killswitch Engage;Etats-Unis;;;
2016;Main 02;Grande scène;King Diamond;Danemark;;;
2016;Valley;Moyenne scène;King Dude;Etats-Unis;;;
2016;Main 02;Grande scène;Ko?n;Etats-Unis;;;
2016;Temple;Moyenne scène;Korpiklaani;Finlande;;;
2016;Warzone;Petite scène;Kvelertak;Norvège;;;
2016;Metal Corner;Petite scène;Lacertilia;NA;;;
2016;Metal Corner;Petite scène;Landmvrks;France;;;
2016;Main 02;Grande scène;Le Bal des Enragés;France;;;
2016;Valley;Moyenne scène;Lecherous Gaze;Etats-Unis;;;
2016;Warzone;Petite scène;Les Sales Majestés;France;;;
2016;Main 01;Grande scène;Loudness;Japon;;;
2016;Warzone;Petite scène;Ludwig von 88;France;;;
2016;Valley;Moyenne scène;Magma;France;;;
2016;Valley;Moyenne scène;Mantar;Allemagne;;;
2016;Main 02;Grande scène;Mass Hysteria;France;;;
2016;Main 01;Grande scène;Megadeth;Etats-Unis;;;
2016;Valley;Moyenne scène;Melvins;Etats-Unis;;;
2016;Temple;Moyenne scène;Mgla;Pologne;;;
2016;Valley;Moyenne scène;Monolord;Suède;;;
2016;Temple;Moyenne scène;Moonreich;France;;;
2016;Temple;Moyenne scène;Moonsorrow;Finlande;;;
2016;Metal Corner;Petite scène;Motor Mammoth;Allemagne;;;
2016;Main 01;Grande scène;Municipal Waste;Etats-Unis;;;
2016;Temple;Moyenne scène;Myrkur;Danemark;;;
2016;Altar;Moyenne scène;Napalm Death;Angleterre;;;
2016;Main 02;Grande scène;Nashville Pussy;Etats-Unis;;;
2016;Main 02;Grande scène;Nightmare;France;;;
2016;Main 01;Grande scène;No One Is Innocent;France;;;
2016;Main 02;Grande scène;Orphaned Land;Israël;;;
2016;Temple;Moyenne scène;Otargos;France;;;
2016;Altar;Moyenne scène;Overkill;Etats-Unis;;;
2016;Altar;Moyenne scène;Paradise Lost;Angleterre;;;
2016;Warzone;Petite scène;Power Trip;Etats-Unis;;;
2016;Temple;Moyenne scène;Primordial;Irlande;;;
2016;Valley;Moyenne scène;Puscifer;Etats-Unis;;;
2016;Metal Corner;Petite scène;Radical Failure;France;;;
2016;Valley;Moyenne scène;Ramesses;Angleterre;;;
2016;Main 01;Grande scène;Rammstein;Allemagne;;;
2016;Warzone;Petite scène;Ratos de Porão;Brésil;;;
2016;Main 01;Grande scène;RavenEye;Angleterre;;;
2016;Metal Corner;Petite scène;Ray Brower;Ecosse;;;
2016;Warzone;Petite scène;Refused;Suède;;;
2016;Valley;Moyenne scène;Rival Sons;Etats-Unis;;;
2016;Altar;Moyenne scène;Sacred Reich;Etats-Unis;;;
2016;Altar;Moyenne scène;Sadist;Italie;;;
2016;Metal Corner;Petite scène;Shark Tank;Allemagne;;;
2016;Main 01;Grande scène;Shinedown;Etats-Unis;;;
2016;Main 02;Grande scène;Sick of It All;Etats-Unis;;;
2016;Main 01;Grande scène;Sixx:A.M.;Etats-Unis;;;
2016;Temple;Moyenne scène;Skálmöld;Islande;;;
2016;Altar;Moyenne scène;Skeletal Remains;Etats-Unis;;;
2016;Main 01;Grande scène;Slayer;Etats-Unis;;;
2016;Temple;Moyenne scène;Solefald;Norvège;;;
2016;Main 01;Grande scène;Steak Number Eight;Belgique;;;
2016;Temple;Moyenne scène;Stille Volk;France;;;
2016;Valley;Moyenne scène;Stonebirds;France;;;
2016;Valley;Moyenne scène;Stoned Jesus;Ukraine;;;
2016;Warzone;Petite scène;Strife;Etats-Unis;;;
2016;Valley;Moyenne scène;Sunn O)));Etats-Unis;;;
2016;Metal Corner;Petite scène;Supertanker;France;;;
2016;Temple;Moyenne scène;Taake;Norvège;;;
2016;Main 02;Grande scène;Tarja;Finlande;;;
2016;Altar;Moyenne scène;Terrorizer;Etats-Unis;;;
2016;Altar;Moyenne scène;Testament;Etats-Unis;;;
2016;Main 02;Grande scène;The Amity Affliction;Australie;;;
2016;Warzone;Petite scène;The ARRS;France;;;
2016;Metal Corner;Petite scène;The Goodamn Gallows;Etats-Unis;;;
2016;Valley;Moyenne scène;The Lumberjack Feedback;France;;;
2016;Main 02;Grande scène;The Offspring;Etats-Unis;;;
2016;Main 02;Grande scène;The Shrine;Etats-Unis;;;
2016;Altar;Moyenne scène;The Skull;Etats-Unis;;;
2016;Warzone;Petite scène;The Toy Dolls;Angleterre;;;
2016;Temple;Moyenne scène;The Vision Bleak;Allemagne;;;
2016;Main 02;Grande scène;Thy Art Is Murder;Australie;;;
2016;Valley;Moyenne scène;Torche;Etats-Unis;;;
2016;Valley;Moyenne scène;Tremonti;Etats-Unis;;;
2016;Main 02;Grande scène;Turbonegro;Norvège;;;
2016;Warzone;Petite scène;Turnstile;Etats-Unis;;;
2016;Main 01;Grande scène;Twisted Sister;Etats-Unis;;;
2016;Metal Corner;Petite scène;Tyler Leads;NA;;;
2016;Warzone;Petite scène;UK Subs;Angleterre;;;
2016;Altar;Moyenne scène;Undead Prophecies;France;;;
2016;Valley;Moyenne scène;Unsane;Etats-Unis;;;
2016;Altar;Moyenne scène;Vader;Pologne;;;
2016;Warzone;Petite scène;Victims;Suède;;;
2016;Metal Corner;Petite scène;Viktims;Suède;;;
2016;Main 01;Grande scène;Vintage Trouble;Etats-Unis;;;
2016;Warzone;Petite scène;Vision of Disorder;Etats-Unis;;;
2016;Main 01;Grande scène;Volbeat;Danemark;;;
2016;Warzone;Petite scène;Walls of Jericho;Etats-Unis;;;
2016;Altar;Moyenne scène;Witches;France;;;
2016;Valley;Moyenne scène;With the Dead;Angleterre;;;
2016;Main 01;Grande scène;Within Temptation;Pays-Bas;;;
2016;Valley;Moyenne scène;Wo Fat;Etats-Unis;;;
2017;Main 01;Grande scène;A Day to Remember;Etats-Unis;;;
2017;Main 01;Grande scène;Aerosmith;Etats-Unis;;;
2017;Warzone;Petite scène;Agnostic Front;Etats-Unis;;;
2017;Main 01;Grande scène;Airbourne;Australie;;;
2017;Temple;Moyenne scène;Alcest;France;;;
2017;Temple;Moyenne scène;Alestorm;Ecosse;;;
2017;Main 01;Grande scène;Alter Bridge;Etats-Unis;;;
2017;Main 01;Grande scène;Animals as Leaders;Etats-Unis;;;
2017;Main 02;Grande scène;Apocalyptica;Finlande;;;
2017;Temple;Moyenne scène;Arkhon Infaustus;France;;;
2017;Altar;Moyenne scène;Autopsy;Etats-Unis;;;
2017;Main 01;Grande scène;Avatar;Suède;;;
2017;Valley;Moyenne scène;Baroness;Etats-Unis;;;
2017;Main 02;Grande scène;Behemoth;Pologne;;;
2017;Temple;Moyenne scène;Belphegor;Autriche;;;
2017;Main 01;Grande scène;Betraying the Martyrs;France;;;
2017;Altar;Moyenne scène;Beyond Creation;Canada;;;
2017;Main 01;Grande scène;Black Star Riders;Etats-Unis;;;
2017;Metal Corner;Petite scène;Bleed;France;;;
2017;Valley;Moyenne scène;Blood Ceremony;Canada;;;
2017;Valley;Moyenne scène;Blue Öyster Cult;Etats-Unis;;;
2017;Valley;Moyenne scène;Bongripper;Etats-Unis;;;
2017;Warzone;Petite scène;Booze & Glory;Angleterre;;;
2017;Metal Corner;Petite scène;Born to Burn;France;;;
2017;Warzone;Petite scène;Bouncil Souls;NA;;;
2017;Valley;Moyenne scène;Bright Curse;Angleterre;;;
2017;Warzone;Petite scène;Candiria;Etats-Unis;;;
2017;Altar;Moyenne scène;Carcariass;France;;;
2017;Valley;Moyenne scène;Chelsea Wolfe;Etats-Unis;;;
2017;Altar;Moyenne scène;Chelsea Wolfe;Etats-Unis;;;
2017;Valley;Moyenne scène;Clutch;Etats-Unis;;;
2017;Warzone;Petite scène;Comeback Kid;Canada;;;
2017;Altar;Moyenne scène;Coroner;Suisse;;;
2017;Temple;Moyenne scène;Corvus Corax;Allemagne;;;
2017;Metal Corner;Petite scène;Coupe Gorge;France;;;
2017;Metal Corner;Petite scène;Cranks;France;;;
2017;Valley;Moyenne scène;Crippled Black Phoenix;Angleterre;;;
2017;Altar;Moyenne scène;Crypt Sermon;Etats-Unis;;;
2017;Altar;Moyenne scène;Cryptopsy;Canada;;;
2017;Warzone;Petite scène;D.R.I.;Etats-Unis;;;
2017;Temple;Moyenne scène;Deafheaven;Etats-Unis;;;
2017;Temple;Moyenne scène;Deathcode Society;France;;;
2017;Altar;Moyenne scène;Decapitated;Pologne;;;
2017;Main 02;Grande scène;Dee Snider;Etats-Unis;;;
2017;Main 01;Grande scène;Deep Purple;Angleterre;;;
2017;Warzone;Petite scène;Deez Nuts;Australie;;;
2017;Temple;Moyenne scène;Déluge;France;;;
2017;Main 02;Grande scène;DevilDriver;Etats-Unis;;;
2017;Main 01;Grande scène;Devin Townsend Project;Canada;;;
2017;Metal Corner;Petite scène;DJ McFly;France;;;
2017;Metal Corner;Petite scène;DJ Mike Rock;France;;;
2017;Metal Corner;Petite scène;DJ Psychoterror;France;;;
2017;Temple;Moyenne scène;Dødheimsgard;Norvège;;;
2017;Valley;Moyenne scène;Electric Wizard;Angleterre;;;
2017;Temple;Moyenne scène;Emperor;Norvège;;;
2017;Altar;Moyenne scène;Emptiness;Belgique;;;
2017;Temple;Moyenne scène;Equilibrium;Allemagne;;;
2017;Temple;Moyenne scène;Ereb Altor;Suède;;;
2017;Main 02;Grande scène;Evergrey;Suède;;;
2017;Warzone;Petite scène;Every Time I Die;Etats-Unis;;;
2017;Altar;Moyenne scène;Exhumed;Etats-Unis;;;
2017;Altar;Moyenne scène;Firespawn;Suède;;;
2017;Main 02;Grande scène;Five Finger Death Punch;Etats-Unis;;;
2017;Warzone;Petite scène;Frank Carter & The Rattlesnakes;NA;;;
2017;Metal Corner;Petite scène;Gérard Baste;France;;;
2017;Temple;Moyenne scène;Ghost Bath;Etats-Unis;;;
2017;Altar;Moyenne scène;Ghoul;Etats-Unis;;;
2017;Warzone;Petite scène;Harm Done;France;;;
2017;Valley;Moyenne scène;Hawkwind;Angleterre;;;
2017;Valley;Moyenne scène;Helmet;Etats-Unis;;;
2017;Altar;Moyenne scène;Hirax;Etats-Unis;;;
2017;Valley;Moyenne scène;Igorrr;France;;;
2017;Main 02;Grande scène;Ill Niño;Etats-Unis;;;
2017;Main 02;Grande scène;In Flames;Suède;;;
2017;Main 02;Grande scène;Inglorious;Angleterre;;;
2017;Warzone;Petite scène;Insanity Alert;Autriche;;;
2017;Warzone;Petite scène;Integrity;Etats-Unis;;;
2017;Metal Corner;Petite scène;Iron Bastards;France;;;
2017;Main 02;Grande scène;Jared James Nichols;Etats-Unis;;;
2017;Warzone;Petite scène;Komintern Sect;France;;;
2017;Main 02;Grande scène;Kreator;Allemagne;;;
2017;Altar;Moyenne scène;Krisiun;Brésil;;;
2017;Warzone;Petite scène;Leftöver Crack;Etats-Unis;;;
2017;Warzone;Petite scène;Les Ramoneurs de Menhirs;France;;;
2017;Main 01;Grande scène;Linkin Park;Etats-Unis;;;
2017;Valley;Moyenne scène;Los Disitentes del Sucio Motel;France;;;
2017;Metal Corner;Petite scène;Mantra;France;;;
2017;Temple;Moyenne scène;Marduk;Suède;;;
2017;Valley;Moyenne scène;Mars Red Sky;France;;;
2017;Altar;Moyenne scène;Metal Church;Etats-Unis;;;
2017;Main 01;Grande scène;Ministry;Etats-Unis;;;
2017;Temple;Moyenne scène;Monarque;Canada;;;
2017;Valley;Moyenne scène;Monkey 3;Suisse;;;
2017;Temple;Moyenne scène;Monolithe;France;;;
2017;Valley;Moyenne scène;Monster Magnet;Etats-Unis;;;
2017;Altar;Moyenne scène;Mortuary;France;;;
2017;Main 01;Grande scène;Motionless in White;Etats-Unis;;;
2017;Main 02;Grande scène;Myrath;Tunisie;;;
2017;Altar;Moyenne scène;Nails;Etats-Unis;;;
2017;Warzone;Petite scène;No Turning Back;Pays-Bas;;;
2017;Valley;Moyenne scène;Noothgrush;Etats-Unis;;;
2017;Main 01;Grande scène;Northlane;Australie;;;
2017;Altar;Moyenne scène;Nostromo;Suisse;;;
2017;Altar;Moyenne scène;Obituary;Etats-Unis;;;
2017;Main 02;Grande scène;Of Mice and Men;Etats-Unis;;;
2017;Valley;Moyenne scène;Okkultokrati;Norvège;;;
2017;Altar;Moyenne scène;Opeth;Suède;;;
2017;Altar;Moyenne scène;Pain of Salvation;Suède;;;
2017;Valley;Moyenne scène;Pentagram;Etats-Unis;;;
2017;Temple;Moyenne scène;Perturbator;France;;;
2017;Main 01;Grande scène;Phil Campbell and the Bastards Sons;Pays de Galles;;;
2017;Main 02;Grande scène;Powerwolf;Allemagne;;;
2017;Main 02;Grande scène;Pretty Maids;Danemark;;;
2017;Temple;Moyenne scène;Primitive Man;Etats-Unis;;;
2017;Valley;Moyenne scène;Primus;Etats-Unis;;;
2017;Main 02;Grande scène;Prong;Etats-Unis;;;
2017;Main 01;Grande scène;Prophets of Rage;Etats-Unis;;;
2017;Altar;Moyenne scène;Putrid Offal;France;;;
2017;Main 02;Grande scène;Queensrÿche;Etats-Unis;;;
2017;Warzone;Petite scène;Rancid;Etats-Unis;;;
2017;Main 02;Grande scène;Ray Brower;Ecosse;;;
2017;Valley;Moyenne scène;Red Fang;Etats-Unis;;;
2017;Temple;Moyenne scène;Regarde les hommes tomber;France;;;
2017;Main 01;Grande scène;Rob Zombie;Etats-Unis;;;
2017;Main 02;Grande scène;Sabaton;Suède;;;
2017;Altar;Moyenne scène;Sanctuary;Etats-Unis;;;
2017;Main 02;Grande scène;Saxon;Angleterre;;;
2017;Temple;Moyenne scène;Scour;Etats-Unis;;;
2017;Main 02;Grande scène;SHVPES;Angleterre;;;
2017;Altar;Moyenne scène;Sick of Stupidity;Pays-Bas;;;
2017;Main 01;Grande scène;Sidilarsen;France;;;
2017;Temple;Moyenne scène;Skepticism;Finlande;;;
2017;Main 02;Grande scène;Skindred;Pays de Galles;;;
2017;Main 02;Grande scène;Slayer;Etats-Unis;;;
2017;Valley;Moyenne scène;Slo Burn;Etats-Unis;;;
2017;Main 02;Grande scène;Slydigs;Angleterre;;;
2017;Altar;Moyenne scène;Soilwork;Suède;;;
2017;Main 01;Grande scène;Steel Panther;Etats-Unis;;;
2017;Valley;Moyenne scène;Subrosa;Etats-Unis;;;
2017;Warzone;Petite scène;Suicidal Tendencies;Etats-Unis;;;
2017;Warzone;Petite scène;Tagada Jones;France;;;
2017;Main 02;Grande scène;Textures;Pays-bas;;;
2017;Warzone;Petite scène;The Damned;Angleterre;;;
2017;Main 01;Grande scène;The Dead Daisies;Australie;;;
2017;Warzone;Petite scène;The Decline!;France;;;
2017;Main 01;Grande scène;The Devil Wears Prada;Etats-Unis;;;
2017;Warzone;Petite scène;The Dillinger Escape Plan;Etats-Unis;;;
2017;Main 01;Grande scène;The New Roses;Allemagne;;;
2017;Main 02;Grande scène;The Treatment;Angleterre;;;
2017;Valley;Moyenne scène;The Vintage Caravan;Islande;;;
2017;Metal Corner;Petite scène;Tina Turner Fraiseur;France;;;
2017;Warzone;Petite scène;Trap Them;Etats-Unis;;;
2017;Warzone;Petite scène;Trapped Under Ice;NA;;;
2017;Temple;Moyenne scène;True Black Dawn;Finlande;;;
2017;Main 01;Grande scène;Trust;France;;;
2017;Temple;Moyenne scène;Turisas;Finlande;;;
2017;Temple;Moyenne scène;Týr;Îles Féroé;;;
2017;Valley;Moyenne scène;Ufomammut;Italie;;;
2017;Main 01;Grande scène;Ugly Kid Joe;Etats-Unis;;;
2017;Main 02;Grande scène;Ultra Vomit;France;;;
2017;Temple;Moyenne scène;Valkyrja;Suède;;;
2017;Warzone;Petite scène;Verbal Razors;France;;;
2017;Valley;Moyenne scène;Verdun;France;;;
2017;Valley;Moyenne scène;Vodun;Angleterre;;;
2017;Altar;Moyenne scène;Vortex of End;France;;;
2017;Temple;Moyenne scène;Wardruna;Norvège;;;
2017;Temple;Moyenne scène;Welicoruss;Russie;;;
2017;Warzone;Petite scène;While She Sleeps;Angleterre;;;
2017;Altar;Moyenne scène;Wormed;Espagne;;;
2017;Warzone;Petite scène;Zeke;Etats-Unis;;;
